/*
 Navicat MySQL Data Transfer

 Source Server         : tural.us
 Source Server Type    : MySQL
 Source Server Version : 50544
 Source Host           : localhost
 Source Database       : beliefandhope

 Target Server Type    : MySQL
 Target Server Version : 50544
 File Encoding         : utf-8

 Date: 10/04/2015 12:49:01 PM
*/

SET NAMES utf8;
SET FOREIGN_KEY_CHECKS = 0;

-- ----------------------------
--  Table structure for `Content`
-- ----------------------------
DROP TABLE IF EXISTS `Content`;
CREATE TABLE `Content` (
  `id` int(10) unsigned NOT NULL AUTO_INCREMENT,
  `title_az` varchar(255) COLLATE utf8_unicode_ci NOT NULL COMMENT 'Başlıq',
  `title_en` varchar(255) COLLATE utf8_unicode_ci DEFAULT NULL COMMENT 'Heading',
  `title_ru` varchar(255) COLLATE utf8_unicode_ci DEFAULT NULL COMMENT 'Заголовок',
  `content_az` text COLLATE utf8_unicode_ci NOT NULL COMMENT 'Mətn',
  `content_en` text COLLATE utf8_unicode_ci COMMENT 'Text',
  `content_ru` text COLLATE utf8_unicode_ci COMMENT 'Текст',
  `catID` int(11) unsigned DEFAULT NULL COMMENT 'Kateqoriya',
  `albumID` int(10) unsigned DEFAULT NULL COMMENT 'Fotoalbom',
  `isBlog` tinyint(1) DEFAULT '1',
  `imgUrl` varchar(255) COLLATE utf8_unicode_ci DEFAULT NULL COMMENT 'Şəkil',
  PRIMARY KEY (`id`),
  KEY `FK_BlogCatID` (`catID`),
  KEY `FK_BlogAlbumID` (`albumID`),
  CONSTRAINT `Content_ibfk_1` FOREIGN KEY (`albumID`) REFERENCES `Photoalbum` (`id`) ON DELETE SET NULL ON UPDATE CASCADE,
  CONSTRAINT `Content_ibfk_2` FOREIGN KEY (`catID`) REFERENCES `Hierarchy` (`id`) ON DELETE SET NULL ON UPDATE CASCADE
) ENGINE=InnoDB AUTO_INCREMENT=37 DEFAULT CHARSET=utf8 COLLATE=utf8_unicode_ci ROW_FORMAT=COMPACT;

-- ----------------------------
--  Records of `Content`
-- ----------------------------
BEGIN;
INSERT INTO `Content` VALUES ('1', 'Haqqımda ', 'О себе', 'About me ', '<p>Əsgərzadə Fəridə 10 oktyabr 1992-ci ildə Bakı şəhərində anadan olmuşdur. &Uuml;mumtəhsil orta məktəbdə oxumaqla yanaşı, o, Bakı Musiqi Akademiyası nın nəznindəki musiqi məktəb-studiyasındatəhsil almışdır. 2008-ci ildə Moskvada ke&ccedil;irilən&nbsp; m&uuml;sabigədə iştirak etmiş və&nbsp; fortepiano kateqorisiyasında 1-ci dərəcəli Beynəlxalq laureat adına layiq g&ouml;r&uuml;lm&uuml;şd&uuml;r.&nbsp; Həm&ccedil;inin 2 dəfə Respublika laureatı adı ilə təltif edilmişdir. 2007 və 2012-ci illərdə isə&nbsp; orqan &uuml;zrəsolo konsertlər vermişdir. 2013-c&uuml; ildə Bakı D&ouml;vlət Universitetinin Beynəlxalq M&uuml;nasibətlər fakultəsinin məzunu olmuşdur. Hal-hazırda Azərbaycan D&ouml;vlət İqtisadiyyat Universitetinin Beynəlxalq Biznes fakultəsində maqistraturasında təhsil alır. &Ccedil;ox sayda konsert və tədbirlərdə iştirak etmişdir</p>\r\n\r\n<p>&nbsp;</p>\r\n\r\n<p>&nbsp;</p>\r\n\r\n<p>&nbsp;</p>\r\n\r\n<p>&nbsp;</p>\r\n\r\n<p>&nbsp;</p>\r\n\r\n<p>&nbsp;</p>\r\n\r\n<p>&nbsp;</p>\r\n\r\n<p>&nbsp;</p>\r\n\r\n<p>&nbsp;</p>\r\n\r\n<p>&nbsp;</p>\r\n\r\n<p>&nbsp;</p>\r\n\r\n<p>&nbsp;</p>\r\n\r\n<p>&nbsp;\r\n<p>&nbsp;</p>\r\n</p>\r\n', '', '<p>Аскерзаде Фарида родилась в 1992 году 10 октября в г. Баку. Наряду с общеобразовательной школой, училась в музыкальной школе-студии при Бакинской Музыкальной Академии . В 2008 году участвовала&nbsp; на конкурсе в Москве и стала&nbsp; Международным лауреатом первой степени&nbsp; по категории фортепиано .&nbsp; Также 2 раза была удостоена звания Республиканского лауреата. В 2007 и 2012 гг давала сольные концерты по органу. Окончила Бакинский Государственный Университет, факультет Международных Отношений. На данный момент получает образование&nbsp;&nbsp; в магистратуре в Азербайджанском Государственном Экономическом Университете на факультете Международный бизнес. Участвовала на многочисленных концертах и мероприятиях.</p>\r\n\r\n<p>&nbsp;</p>\r\n\r\n<p>&nbsp;</p>\r\n\r\n<p>&nbsp;</p>\r\n\r\n<p>&nbsp;</p>\r\n\r\n<p>&nbsp;</p>\r\n\r\n<p>&nbsp;</p>\r\n\r\n<p>&nbsp;</p>\r\n\r\n<p>&nbsp;</p>\r\n\r\n<p>&nbsp;</p>\r\n\r\n<p>&nbsp;</p>\r\n\r\n<p>&nbsp;</p>\r\n\r\n<p>&nbsp;</p>\r\n\r\n<p>&nbsp;</p>\r\n\r\n<p>&nbsp;</p>\r\n', null, null, '0', '/uploads/images/bp_63095.jpg'), ('2', 'Təşəkkürlər', 'Thankfullness', 'Благодарность', '', '', '', null, null, '0', null), ('6', '\"Hədəfdəki insan\" Samirdir?', '', '\"Человек под прицелом\" - это Самир?', '<p><br />\r\n&nbsp; Anadangəlmə&nbsp; iflicin &ldquo;paraplegiya&rdquo; n&ouml;v&uuml;ndən əziyyət &ccedil;əkən və birinci&nbsp; qrup əlil olan Samir İmanov fiziki məhdudiyyətli&nbsp; insanların motivasiya olmasına k&ouml;mək edən kitabın m&uuml;əllifidir. Onun əsas məqsədi, əlil insanlarda &ouml;z&uuml;nə inam yaratmaq və hər hansı bir fiziki vəziyyətdə olmalarından asılı olmayaraq, hər zaman uğur qazanmağın m&uuml;mk&uuml;n olduğunu onlara izah etməkdir.<br />\r\n&nbsp;<strong> &Ouml;z&uuml;n&uuml;z haqqında məlumat verin. Kitab yazmaq fikri sizdə necə yarandı?</strong><br />\r\n-Mən, Samir İmanov, təhsilimi evdə almışam və uşaqlıqdan kitab oxumağı &ccedil;ox sevmişəm.Ruhi zərurrətdən irəli gələn əsər yazmaq həvəsi məndə təqribən 2 il bundan əvvəl yarandı.&nbsp; Nə məşhur olmaq,&nbsp; nə də ki, pul qazanmaq fikrində deyildim. Məqsədim isə hərəkəti məhdud olan&nbsp;insanların həyatda qarşılaşdıqları &ccedil;ox saylı problemləri, onlara olan qeyri-bərabər m&uuml;nasibəti və d&uuml;zg&uuml;n davranış etikasını digər insanlara izah etməkdən ibarətdir .<br />\r\n&nbsp;<strong> Sizin &ldquo;Hədəfdəki insan&rdquo; əsəriniz ruhdan d&uuml;şm&uuml;ş, &ccedil;ətin m&uuml;alicə olunan və fiziki məhdudiyyətli&nbsp;insanların ş&uuml;urunda b&ouml;y&uuml;k dəyişikliklərə səbəb oldu. Hədəfdəki insan kimdir?</strong><br />\r\n-Hamı kimi, fiziki məhdudiyyətli insan da kinoya baxanda, kitab oxuyanda, &ouml;z&uuml;n&uuml; oradakı qəhrəmana bənzətmək istəyir. Amma onun fiziki vəziyyəti bu istəyi onun əlindən alır. Azərbaycanda 500000 əlil insan olduğunu nəzərə alıb, elə bir qəhrəman yaratmaq istədim ki, iradəli, g&uuml;cl&uuml;, intellektual, cəsarətli, qarşısına &ccedil;ıxan b&uuml;t&uuml;n maneələri aşaraq uğur qazanmağı bacaran olsun və &ouml;zlərini bu qəhramanlara bənzətməyə &ccedil;alışsınlar.&nbsp; Bu g&uuml;n əlillərin bir &ccedil;oxu ruh d&uuml;şk&uuml;nl&uuml;y&uuml; i&ccedil;ərisindədir. Mən bunun yazışmada, &uuml;nsiyyətdə olarkan dəfələrlə şahidi olmuşam və bu kitab vasitəsi ilə onlarda &ouml;zlərinə inam yaratmaq və istədikləri halda b&ouml;y&uuml;k uğurlara qədəm qoya biləcəklərini demək istəyirəm.</p>\r\n\r\n<p>&nbsp;<strong> Əsərdə fiziki məhdudiyyətli&nbsp;insanlarla bağlı hansı m&ouml;vzulara toxunmusunuz?</strong><br />\r\nGəzmə və ya g&ouml;rmə q&uuml;surlu insanların sərbəst hərəkət etməkdə &ccedil;ətinlik &ccedil;əkdiklərini, onlara əngəl t&ouml;rədən infastruktur problemlərini, bir &ccedil;ox sağlam insanların q&uuml;surlu olanlara yanaşma tərzini təsvir etməyə &ccedil;alışmışam. Təəss&uuml;flər olsun ki, bir &ccedil;ox sağlam insanların fikrincə fiziki məhdudiyyətlilər ancaq yeməli, televizora baxmalı, yatmalı və b&uuml;t&uuml;n mədəni, siyasi və s. işlərdən&nbsp; kənarda qalmalıdırlar. Hətta onları ictimai işlərdə g&ouml;rəndə təəcc&uuml;blə qarşıladıqlarını da m&uuml;şahidə etmək olur. Fiziki məhdudiyyətli&nbsp;insanları sağlam insanlardan fərqləndirən, məncə, onların fiziki yox, ruhi vəziyyətidir.<br />\r\n&nbsp; <strong>Siz romanın s&uuml;jet xəttində &ouml;z&uuml;n&uuml;z&uuml; baş qəhrəman rolunda təqdim etmisiniz yoxsa kənardan tamaşa&ccedil;ı kimi?</strong><br />\r\n-D&uuml;z&uuml;n&uuml; desəm mən &ouml;z&uuml;m&uuml; bu əsərdə təqdim etmək istəmişəm. Bunun &uuml;&ccedil;&uuml;n də baş qəhrəmanın&nbsp; adını Samir qoydum. Klassik roman &uuml;slubundan fərqli olaraq, sadə, qeyri-adi tərzdə yazmağa &ccedil;alışmışam. Bu kitaba tələbat həddən artıq &ccedil;ox olsa da , təəss&uuml;f ki, maliyyə dəstəyi olmadığından cəmi 100 n&uuml;sxə &ccedil;ap etdirə bilmişəm.<br />\r\n&nbsp; <strong>Gələcəkdə bu m&ouml;vzuda daha bir yeni kitab yazmağı d&uuml;ş&uuml;n&uuml;rs&uuml;n&uuml;zm&uuml;?</strong><br />\r\n-Bəli, artıq adı və s&uuml;jet xətti m&uuml;əyyən olub- &ldquo;Bir dəqiqə sonra&rdquo;. Adını belə təyin etmək fikri&nbsp; insanın bir dəqiqə sonra başına nə gələcəyi bəlli olmadığından irəli gəldi. Bu m&ouml;vzuda oxucularımla fikirlərimi b&ouml;l&uuml;şmək istəyirəm. Həm&ccedil;inin fiziki məhdudiyyətli insanlara stimul vermək məqsədi daşıyan, 20-25 məqalədən ibarət olan &ldquo; &Ouml;z&uuml;nlə fəxr et&rdquo; kitabı &uuml;zərində işləyirəm. Onlardan bir ne&ccedil;əsi &ldquo;Sonuncu və birinci ad g&uuml;n&uuml;m&rdquo;, &ldquo;Əlillərin cəmiyyətə inteqrasiyası&rdquo;, &ldquo;Zaman &uuml;zərində qələbə&rdquo;, &ldquo;&Ouml;z&uuml;nlə fəxr et&rdquo;, &ldquo;Əlillik nədir?&rdquo; və s.<br />\r\n&nbsp;<strong> Valideynlərin əlil uşaqlara olan davranışı onların inkişafında rol oynayırmı?</strong><br />\r\n-Əlbəttə. Mən valiydenlərimlə fəxr edirəm, &ccedil;&uuml;nki onlar həm məni qəbul etdilər, həm də &ouml;z ətraflarına qəbul etdirdilər. Bu &ccedil;ox &ouml;nəmlidir. Mən ətrafımızda olan proseslərdən kənar qalmayım deyə atam b&uuml;t&uuml;n məsələlərdə mənlə məsləhətləşir. Onun bəlkə də mənim məsləhətimə ehtiyacı olmadığını başa d&uuml;şsəm də, bu m&uuml;nasibət məni &ccedil;ox xoşbəxt edir.<br />\r\n&nbsp; <strong>Sizin &uuml;&ccedil;&uuml;n inam və &uuml;mid nə deməkdir?</strong><br />\r\n-Fiziki məhdudiyyəti olan insanlar, &quot;Hədəfdəki İnsan&quot; kitabını oxumaqla s&ouml;nm&uuml;ş &uuml;midlərini yenidən alovlandıra, xoşbəxt və qayğısız bir gələcəyə inana bilərlər. Mən inanıram və &uuml;mid edirəm ki, bu kitab əlil insanlarımıza həyatın b&uuml;t&uuml;n sahələrində &ouml;z hədəflərinə &ccedil;atmaları &uuml;&ccedil;&uuml;n yol g&ouml;stərən mayak olacaqdır. Əziz əngəlli insanlar! Gələcəyə &uuml;midlə baxın, hədəfinizə doğru inamla irəliləyin!</p>\r\n\r\n<p>&nbsp;</p>\r\n\r\n<p><strong>Tibbi l&uuml;ğət</strong><br />\r\nParaplegiya &ndash; yuxarı və ya aşağı ətraflarının iflicidir.<br />\r\nƏksər hallarda anadangəlmə, onurğa s&uuml;tununun və<br />\r\n&nbsp;onurğa beyninin əsəb toxumasının zədələnməsi, həm&ccedil;inin insult,<br />\r\nonurğa s&uuml;tununun infarktı nəticəsində inkişaf edə bilər.&nbsp;</p>\r\n\r\n<p>&nbsp;</p>\r\n\r\n<p>Mətn: Fəridə Əsgərzadə</p>\r\n\r\n<p>Foto: Eltac Zeynalov</p>\r\n\r\n<p>Korrektor: Eldar Kerimov</p>\r\n\r\n<p>&nbsp;</p>\r\n\r\n<p>&nbsp;</p>\r\n\r\n<p>&nbsp;</p>\r\n\r\n<p>&nbsp;</p>\r\n\r\n<p>&nbsp;</p>\r\n\r\n<p>&nbsp;</p>\r\n\r\n<p>&nbsp;</p>\r\n\r\n<p>&nbsp;</p>\r\n\r\n<p>&nbsp;</p>\r\n\r\n<p>&nbsp;</p>\r\n\r\n<p>&nbsp;</p>\r\n\r\n<p>&nbsp;</p>\r\n\r\n<p>&nbsp;</p>\r\n\r\n<p>&nbsp;</p>\r\n\r\n<p>&nbsp;</p>\r\n\r\n<p>&nbsp;</p>\r\n\r\n<p>&nbsp;</p>\r\n\r\n<p>&nbsp;</p>\r\n', '<p>&nbsp;</p>\r\n\r\n<p>&nbsp;</p>\r\n\r\n<p>&nbsp;</p>\r\n', '<p>&nbsp; Страдающий с рождения одним из видов паралича &laquo; параплегией&raquo; и являющийся инвалидомI группы , Самир Иманов автор книги, способствующей мотивации людей с физическими ограничениями. Его главная цель возродить у них самоуверенность и объяснить возможность достижения цели, независимо от физического состояния.<br />\r\n&nbsp; <strong>Расскажите о себе. Как возник интерес к созданию книги?</strong><br />\r\n&nbsp;Я получил свое среднее образование на дому и с детства очень любил читать книги. Рожденное душевной необходимостью ,желание написать книгу появилось 2 года назад.&nbsp; В мыслях не было ни заработать деньги , ни стать популярным. Моей целью было показать своим читателям жизнь физически ограниченных людей, многочисленные проблемы, неправильное отношение, с которыми они сталкиваются, а также этику правильного обращения с ними .<br />\r\n&nbsp;<strong> Ваша книга &laquo; Человек под прицелом&raquo; сыграла немаловажную роль в сознании людей &laquo;опустивших руки&raquo; в связи с трудноизлечимой болезнью и физическими ограничениями. Кто человек под прицелом?</strong><br />\r\nКак и все, человек с ограниченной возможностью в своих мыслях хочет подражать героям из книг и фильмов. Но его физическое состояние препятствует этому. Учитывая то, что в Азербайджане насчитывается около 500 тысяч инвалидов, я решил создать образ, который&nbsp; объединяет в себе такие качества как храбрость ,сила воли, целеустремленность , интеллектуальность и стал бы причиной их подражания . На сегодня большинство инвалидов чувствуют душевное опустошение. Я очень часто бываю свидетелем этого при общении и переписке с ними и очень надеюсь, что посредством своей книги&nbsp; добьюсь у них самоуверенности и веру в свои возможности.</p>\r\n\r\n<p><strong>&nbsp; Какие темы вы затронули в своем произведении относительно людей с физическими недостатками?</strong><br />\r\nЯ описал трудные условия их самостоятельного передвижения, проблемы инфраструктур. К примеру, я не имею возможности ,без посторонней помощи , посетить какой либо концерт или мероприятие. К сожалению, многие люди думают, что мы должны сидеть дома, кушать, смотреть телевизор и быть в стороне от политических, социальных, культурных и т.д. дел. Можно также увидеть удивленные лица при виде физически ограниченных людей в общественных делах. Я считаю, что инвалидов от здоровых людей отличает не физические недостатки, а внутренний дух.<br />\r\n&nbsp; <strong>Как вы представляли сюжетную картину, себя в качестве героя или зрителя со стороны?</strong><br />\r\nПо правде говоря,я хотел представить именно себя, потому и главного героя зовут Самир. В отличие от классических рамок жанра романа,&nbsp; я постарался придать своему сочинению более простой и необычный стиль. Несмотря на большой спрос в данной книге, я смог издать только 100 экземпляров, причиной чему послужило мое сложное материальное положение.<br />\r\n&nbsp; <strong>Планируете ли создание новых книг на данную тематику?</strong><br />\r\nДа, название и сюжетная линия уже определены &ndash; &laquo; Через одну минуту&raquo;. Мы не знаем, что случится с нами через минуту, жизнь слишком непредсказуема. Я хочу поделиться с читателями своими мыслями по этому поводу, вот из чего исходит название новой книги. Я также работаю над&nbsp; книгой &laquo;Гордись собой&raquo;, которая объединяет 20-25 статей, носящих мотивирующий и познавательный характер в этой области, среди которых &laquo; Мое первое и последнее день рождение&raquo;, &laquo; Интеграция инвалидов в общество&raquo;, &laquo; Победа над временем&raquo;, &laquo; Гордись собой&raquo; и т.д.<br />\r\n&nbsp; <strong>Играет ли роль отношение родителей к своим детям с физическими ограничениями?</strong><br />\r\nБезусловно. Я горжусь своими родителями, потому что они приняли меня сами и способствовали принятию меня со стороны окружающих, таким какой я есть. Это очень важно.&nbsp; Мой отец постоянно советуется со мной по поводу различных вопросов, относящихся к нашей семье и происходящих событий вне дома. Хоть я и сам знаю, что он и без меня может решить проблему и возможно даже не придерживается моего совета, но это уважительное отношение делает меня счастливым.<br />\r\n&nbsp;<strong> Что для вас значат слова Вера и Надежда?</strong><br />\r\nЧитатели &laquo;Человек под прицелом&raquo; смогут возобновить свои надежды и поверить в счастливое, беззаботное будущее. Я верю и надеюсь, что эта книга станет маяком, указывающим дорогу к достижению желаемого для людей с физической ограниченностью. Дорогие мои! Смотрите в будущее с надеждой, стремитесь к своей цели с верой!</p>\r\n\r\n<p>&nbsp; <strong>Медицинский словарь</strong><br />\r\nПараплегия (парапарез) -&nbsp; паралич обеих нижнихили обеих верхних конечностей.<br />\r\n&nbsp;Она чаще всего возникает при рождении, вследствие травмы позвоночника,<br />\r\n&nbsp;с повреждением нервной ткани спинного мозга,<br />\r\nа также может развиваться вследствие инсульта, инфаркта спинного мозга.</p>\r\n\r\n<p>&nbsp;</p>\r\n\r\n<p>Текст: Фарида Аскерзаде</p>\r\n\r\n<p>Фото: Эльтадж Зейналов</p>\r\n\r\n<p>Корректор: Фарида Гашимли</p>\r\n\r\n<p>&nbsp;</p>\r\n\r\n<p>&nbsp;</p>\r\n\r\n<p>&nbsp;</p>\r\n\r\n<p>&nbsp;</p>\r\n\r\n<p>&nbsp;</p>\r\n\r\n<p>&nbsp;</p>\r\n\r\n<p>&nbsp;</p>\r\n\r\n<p>&nbsp;</p>\r\n\r\n<p>&nbsp;</p>\r\n\r\n<p>&nbsp;</p>\r\n\r\n<p>&nbsp;</p>\r\n', '4', '9', '1', '/uploads/images/bp_9f643.JPG'), ('7', 'Mehmandarovlar bu gündən keçmişə', '', 'Мехмандаровы из настоящего в будущее', '<p>&nbsp; <strong>Siz necə d&uuml;ş&uuml;n&uuml;rs&uuml;n&uuml;z, sizin nəslinizdən gələn istedad sizə də &ouml;t&uuml;r&uuml;l&uuml;bm&uuml;?</strong><br />\r\nBildiyiniz kimi mənim nəslimdə ulu babam Azərbaycanda ali təhsilli ilk həkim, b&ouml;y&uuml;k ictimai xadim, XX əsrin əvvəllərində Azərbaycanın tarixində b&ouml;y&uuml;k xidmətləri olmuş Kərim bəy Mehmandarov kimi g&ouml;rkəmli şəxsiyyətlər olmuşdur. Bizim nəslimizin ən tanınmış n&uuml;mayəndəsi Səməd bəy Mehmandarovdur- &ccedil;ar ordusunun generalı, m&uuml;stəqil Azərbaycanın ilk hərbi naziri, Azərbaycan ordusunun qurucusu. Mən nəslimizdə musiqi&ccedil;i olmağa qərar vermiş ikinci şəxsəm. Mənim mərhum nənəm Leyla Mehmandarova &Uuml;.Hacıbəyov adına Azərbaycan Musiqi Akademiyasında &ldquo;Musiqi tarixi&rdquo; fənnini tədris edirdi. Onun m&uuml;xtəlif qəzetlərdə &ccedil;ap olunmuş &ccedil;oxsaylı məqalələri, zəhmətkeşliyi və onun haqqında bitməyən xoş xatirələr, hansı ki, onun həmkarlarından eşidirəm, məndə inanılmaz xoş hisslər oyadır. O, həm&ccedil;inin, xeyriyyə&ccedil;i Hacı Zeynalabdin Tağıyevin nəticəsi olub, bu da &ouml;z n&ouml;vbəsində iki nəcib nəslin x&uuml;susiyyətlərinin məndə cəmləşdiyini&nbsp; g&ouml;stərir. Mən &ccedil;ox fəxr edirəm!</p>\r\n\r\n<p><strong>Siz &ouml;z&uuml;n&uuml;z&uuml; &ldquo;Xalq naminə&rdquo; ş&uuml;arı ilə yaşayaraq, əcdadlarınızın fəaliyyətinin davam&ccedil;ısı hesab edirsinizmi?</strong><br />\r\nMənim əcdadlarım Azərbaycan xalqının tarixində nəhəng iz qoyublar. Mən onların gələcək nəsillərə olan b&uuml;t&uuml;n &uuml;midlərini doğrultmaq &uuml;&ccedil;&uuml;n əzmkarlıqla &ccedil;alışıb &ouml;z &uuml;zərimdə işləyirəm. Sizin də d&uuml;zg&uuml;n qeyd etdiyiniz kimi, xalq naminə m&uuml;mk&uuml;n olan hər bir şeyi etmək bizim ailə borcumuz sayılır.</p>\r\n\r\n<p><strong>&Ouml;z musiqi fəaliyyətiniz barədə danışın, o insanlar haqqında ki, sizə musiqi verginizi inkişaf etdirməkdə k&ouml;mək ediblər.</strong><br />\r\nMusiqiyə sevgi məndə erkən yaşlarında yaranıb. Artıq 6 yaşında mən skripkada ifa etməyi &ouml;yrənməyə başladım. Bunun ardı gəldi..<br />\r\n6 yaşında professor Bayandur Mehdiyev&nbsp; məni &ouml;z sinfinə qəbul etdi. Mən onun qeyri-adi dərslərini, zarafatlarını unuda bilmirəm.&nbsp; O bacardığı qədər hər kəsin qayğısına qalır və k&ouml;mək etməyə &ccedil;alışırdı. Biz ondan təkcə musiqi deyil, həm&ccedil;inin, həyatı da &ouml;yrənirdik.<br />\r\nBakı Musiqi Akademiyasında oxuduğum vaxt professor Zəhra Quliyeva məni &ouml;z sinfinə qəbul etdi, bu da mənim peşəkar musiqi&ccedil;i kimi formalaşmağımda m&uuml;h&uuml;m rol oynadı.</p>\r\n\r\n<p><strong>Gənc yaşınıza baxmayaraq, bildiyimiz kimi sizin &ccedil;oxsaylı nailiyyətləriniz var və ş&uuml;bhə etmirəm ki, sizə onları sadalamaq &ccedil;ətin olacaq.</strong><br />\r\nSon bir ne&ccedil;ə ildə mən Bolqarıstan, L&uuml;ksemburq və Avstriyada ke&ccedil;irilmiş 3 beynəlxalq m&uuml;sabiqənin laureatı adına layiq g&ouml;r&uuml;lm&uuml;şəm. Həm&ccedil;inin, T&Uuml;RKSOY beynəlxalq kamera orkestirinin iştirak&ccedil;ısı olmuş, ABŞ-da, Almaniya və T&uuml;rkiyənin bir &ccedil;ox şəhərində &ccedil;ıxışlar etmişəm.<br />\r\nEyni zamanda m&uuml;xtəlif beynəlxalq festivallarda, Bakıda və d&uuml;nyanın bir &ccedil;ox &ouml;lkəsində &ccedil;oxsaylı konsertlərdə də iştirak etmişəm.</p>\r\n\r\n<p><strong>Siz &ouml;z musiqi bacarığınızı başqa istiqamətdə də yoxlamaq istəyirsinizmi?</strong><br />\r\nSkripka sinfində oxumağıma baxmayaraq, hələ məktəbli olduğum vaxtlarda məni dirijorluq sənəti cəlb edirdi. Vaxtaşırı mən bu istəyin mənim &uuml;&ccedil;&uuml;n nə qədər vacib olduğunu anladım. Nəhayət, bu ilin sentyabrında mən&nbsp; Vyana Konservatoriyasına opera-simfonik dirijorluq fakultəsinə qəbul oldum. Demək olar ki, arzumun bir hissəsi həyata ke&ccedil;di. Mənə k&ouml;mək edən, dəstəkləyən və inanan hər kəsə minnətdarlığımı bildirirəm. İrəlidə b&ouml;y&uuml;k planlar var...</p>\r\n\r\n<p><strong>Mustafa &uuml;&ccedil;&uuml;n daha nə yaxındır: skripkada solo ifası, harda &ouml;z g&uuml;c&uuml;nə g&uuml;vənərək uğurlu &ccedil;ıxışına qəti şəkildə inanır, və ya b&uuml;t&uuml;n orkestrı idarə etmək, hansı ki, b&uuml;t&uuml;n ifa&ccedil;ılar &uuml;&ccedil;&uuml;n məsuliyyət tələb edir?</strong><br />\r\nYalnız skripkada ifa mənim &uuml;&ccedil;&uuml;n &ccedil;ox məhduddur. Mənim daxili musiqi aləmim qlobal, nəhəng bir şey tələb edir. Dirijorluq &ndash; mənə lazım olandır. Bu &ccedil;ox &ccedil;ətin, &ouml;z&uuml;ndə xırda incəlikər cəmləşdirən bir sənətdir.<br />\r\n<strong>İfa zamanı sizi kim və ya nə ruhlandırır?</strong><br />\r\nAxı musiqi&ccedil;ini nə ilhamlandıra bilər? ...Əlbəttə ki, musiqi!<br />\r\nİfa zamanı sənin olduğun vəziyyəti təsvir etmək &ccedil;ətindir. Bu o qədər maraqlı, eyni zamanda sirli hissdir ki, onu s&ouml;zlərlə ifadə etmək m&uuml;mk&uuml;n deyil. Yəqin ki, məhz bu hisslər musiqi&ccedil;ini ifa etdiyi zaman ruhlandırır. Lakin, əlbəttə ki, burada vacib rolu əsərlər oynayır.&nbsp; Biz əvəzolunmaz, b&ouml;y&uuml;k musiqini bizə miras qoymuş dahi musiqi&ccedil;ilərə minnətdar olmalıyıq.</p>\r\n\r\n<p><strong>Sizin &uuml;&ccedil;&uuml;n inam və &uuml;mid nə deməkdir?</strong><br />\r\n&nbsp;Mən inanıram ki, y&uuml;ksəklərə doğru ucalan yolda&nbsp; Mehmandarovların &uuml;midlərini doğrulda biləcəyəm, həm&ccedil;inin, istər Azərbaycan, istərsə də d&uuml;nya musiqi tarixində unudulmaz iz qoyacağam.</p>\r\n\r\n<p>&nbsp;</p>\r\n\r\n<p>Mətn: Fəridə Əsgərzadə</p>\r\n\r\n<p>Tərc&uuml;mə: Əzizə Nəcəfova</p>\r\n\r\n<p>Foto: Selcan Qurbanova</p>\r\n\r\n<p>&nbsp;</p>\r\n\r\n<p>&nbsp;</p>\r\n\r\n<p>&nbsp;</p>\r\n\r\n<p>&nbsp;</p>\r\n\r\n<p>&nbsp;</p>\r\n\r\n<p>&nbsp;</p>\r\n\r\n<p>&nbsp;</p>\r\n\r\n<p>&nbsp;</p>\r\n\r\n<p>&nbsp;</p>\r\n\r\n<p>&nbsp;</p>\r\n\r\n<p>&nbsp;</p>\r\n', '', '<p>&nbsp; <strong>Как вы думаете, способствовал ли дух вашего фамильного происхождения на ваш талант?</strong><br />\r\nКак известно, в моем роду были такие яркие представители, как мой прапрадед Керим Бек Мехмандаров - первый врач с высшим образованием, крупный общественный деятель, который сыграл немаловажную роль в жизни Азербайджана в начале ХХ века. Наиболее известным представителем нашего рода является&nbsp; Самед Бек Мехмандаров - генерал царской армии, первый военный министр независимого Азербайджана, который буквально является основоположником азербайджанской армии. Я, в нашем роду второй, кто решил стать музыкантом. Моя, ныне покойная, бабушка, Лейла Мехмандарова, преподавала &laquo; Историю музыки&raquo;&nbsp; в Азербайджанской Музыкальной Академии им. Узеира .Гаджибекова.&nbsp; Ее многочисленные статьи,&nbsp; напечатанные в различных газетах, ее труды и нескончаемые приятные воспоминания о ней, которые я слышу по сей день от ее коллег рождают во мне невероятные теплые чувства.&nbsp; Она также была правнучкой&nbsp; благотворителя Гаджи Зейналабдина Тагиева, что говорит о двух благородных линиях, которые во мне переплелись. Я очень горжусь!</p>\r\n\r\n<p><strong>Считаете ли вы себя продолжателем деятельности ваших предков, придерживаясь девиза &laquo; Во благо народа&raquo; ?</strong><br />\r\nМои предки оставили огромный след в истории азербайджанского народа.&nbsp; Я усердно стараюсь и работаю над собой, чтобы оправдать все их ожидания, которое они возлагали на последующее поколение. Сделать всевозможное во благо народа, как вы правильно отметили, в какой бы отрасли это не было является долгом нашей фамильной линии.</p>\r\n\r\n<p><strong>Расскажите о своей музыкальной деятельности, о людях, которые помогли вам развить музыкальный дар.</strong></p>\r\n\r\n<p>Любовь к музыке у меня появилась с раннего возраста. Уже в 6 лет я начал учиться играть на скрипке. И пошло поехало...<br />\r\nВ 6 лет меня взял в свой класс профессор Баяндур Мехтиев. Я не могу забыть его необычные уроки, его шутки... Как он заботился и помогал всем, чем мог... Мы учились у него не только музыке, но и жизни в целом.<br />\r\nВо время обучения в Бакинской Музыкальной Академии в свой класс взяла меня профессор Захра Кулиева, которая сыграла важную роль в моем формировании, как профессионального музыканта.</p>\r\n\r\n<p><strong>Несмотря на ваш юный возраст, как мы знаем, у вас многочисленные заслуги и не сомневаюсь, что вам будет сложно все перечесть.</strong></p>\r\n\r\n<p>В последние несколько лет я стал лауреатом 3-х международных конкурсов в Болгарии, Люксембурге и Австрии. А также стал участником международного камерного оркестра ТЮРКСОЙ, с которым выступал в США, Германии и во многих городах Турции.<br />\r\nУчаствовал в различных международных фестивалях,&nbsp; в многочисленных концертах&nbsp; как в Баку, так и в различных странах земного шара.</p>\r\n\r\n<p><br />\r\n<strong>Хотите ли вы испробовать свои музыкальные способности и в другом направлении?</strong><br />\r\nНесмотря на то, что я учился по классу скрипки, еще будучи школьником меня увлекало дирижирование. Постепенно я стал чувствовать&nbsp; на сколько это желание важно для меня. В конечном итоге в сентябре этого года я поступил в Венскую Консерваторию на факультет оперно-симфонического дирижирования. Можно сказать ,что часть моей мечты сбылась. Благодарю всех кто помогал, поддерживал и верил в меня. Впереди большие планы !</p>\r\n\r\n<p><strong>Что ближе для Мустафы, сольное исполнение скрипки, где он твердо верит в успешное исполнение, опираясь на собственные силы или руководство целым оркестром, который требует огромной ответственности за всех исполняющих?</strong><br />\r\nТолько игра на скрипке уже&nbsp; для меня очень ограниченно. Мой внутренний музыкальный мир хочет что-то глобальное, массовое. Дирижирование - то, что мне надо. Это очень сложная профессия, которая имеет свою специфику.</p>\r\n\r\n<p><strong>Что или кто вдохновляет вас во время игры?</strong><br />\r\nА что может вдохновлять музыканта?... Конечно же музыка !<br />\r\nСостояние, в котором ты находишься во время исполнения, сложно описать. Это настолько интересное, но в то же время загадочное чувство, которое невозможно описать словами. Возможно именно эти ощущения вдохновляют музыканта во время исполнения. Ну конечно же, важную роль играют произведения. Мы должны быть благодарны тем великим музыкантам, которые оставили нам целое незаменимое наследство музыки.</p>\r\n\r\n<p><strong>Что для вас значат Вера и Надежда?</strong></p>\r\n\r\n<p>Я верю, что смогу оправдать надежды Мехмандаровых на пути к достижению высот и оставить в истории как азербайджанского народа, так и мировой музыкальной арены незабываемый след.</p>\r\n\r\n<p>&nbsp;</p>\r\n\r\n<p>Текст: Фарида Аскерзаде</p>\r\n\r\n<p>Фото: Сельджан Гурбанова</p>\r\n\r\n<p>&nbsp;</p>\r\n', '3', '10', '1', '/uploads/images/bp_850c0.JPG'), ('8', 'Tahir Şıxəliyevlə söhbət', '', 'Беседа с Таиром Шихалиевым', '<p>&nbsp;<strong>Nə vaxt və necə yaratmağa başlamısınız?</strong><br />\r\nUşaq vaxtından şəkil &ccedil;əkməyi &ccedil;ox sevmişəm.Hələ məktəb illərindən əvvəl boy&uuml;k vatman vərəqlərini yerə sərib &uuml;zərlərində rəsm &ccedil;əkirdim.Sonra valideynlərim məni Y. Qaqarin adına pionerlər evinə yazdırdılar.O zaman artıq həyatimi rəsmə bağlamağa qərar verdim və Əzim Əzimzadə adina rəssamlıq məktəbinə qəbul oldum.Ali savadı Tblisi Rəssamlıq Akademiyasında,monumental keramika b&ouml;lməsində aldım.1992-1993-c&uuml; illərdə Ankara və İstanbulda ke&ccedil;irilən şəxsi sərgilərdən əlavə, həm&ccedil;inin m&uuml;xtəlif respublika sərgilərində iştirak etmişəm.<br />\r\n<strong>Hansı rəssamıın yaradıcılığı sizi həmişə cəlb edib?</strong><br />\r\nMəni hər zaman yurddaşım Rasim Babayevin yaradıcılığı cəlb edib D&uuml;nya rəssamlarından isə Qustav Klimptanın,Pablo Pikassonun,işlərindən təsirlənərək bir ne&ccedil;ə əsər yarattığım impressionist Klod Monenin yaradıcılığını &ccedil;ox bəyənirəm.Həm&ccedil;inin i&ccedil;iboş formalara b&ouml;y&uuml;k əhəmiyyət verən heykəltəraş Aristid Mayolanın yaradıcılığı məndə maraq yaradırdı.<br />\r\n<strong>Hər yeni əsər yaradanda hansi hissləri ke&ccedil;irdirsiniz?</strong><br />\r\nMəmnuniyyət...Məni tamamilə hər bir şey ruhlandira bilər.Mən eskiz hazırlamıram,kətanı qoyuram və hər şey &ouml;z-&ouml;z&uuml;nə alınır.Əlim g&ouml;rd&uuml;y&uuml;m&uuml;n və eşitdiyimin məndə yaratdığı hissləri ifadə edir.Əsər tamamlanır və mən s&uuml;k&uuml;t əldə edirəm,və məhs bu mənim &uuml;&ccedil;&uuml;n məmnuniyyət deməkdir.</p>\r\n\r\n<p>M&uuml;sahibə boyu emalatxanada blyuz janrında musiqi səslənirdi, x&uuml;susilə rəssamın sevimli ifa&ccedil;ısı&nbsp; Djordj Bensonun mahnıları və digərləri.</p>\r\n\r\n<p><strong>Hansı rəssamlara bağlı xatirələriviz var?</strong><br />\r\nƏn parlaq xatirələrim əmimlə bağlıdır,Azərbaycanın xalq rəssamı Oqtay Şixəliyevlə. Uşaqlıqda o məni məhşur rəssamların emalatxanalarına aparırdı,onun k&ouml;məyi ilə dəfələrlə Səttər Bəhlulzadə ilə g&ouml;r&uuml;şm&uuml;şəm.Bir dəfə 14&nbsp; ya&nbsp; 15 yaşımda onun emalatxanasında b&uuml;t&uuml;n g&uuml;n&uuml;m&uuml; ke&ccedil;irmək nəsib oldu.Onun obrazı yaddaşıma həkk olundu: sa&ccedil;ları,mantiyasi,bereti,hər zaman onunla olan et&uuml;dnik.Eləcədə m&uuml;əllimlərim Kamil Xanlarov və Ağalar Abdullayevlə ke&ccedil;ən dərslər unudulmazdır.<br />\r\n<strong>Gələcəyə dair&nbsp; hansı planlarıvız var?</strong><br />\r\nGələcəyə aid &ccedil;ox planlarım var.Allah can sağlığı versin (g&uuml;l&uuml;r).Bug&uuml;nk&uuml; g&uuml;n Azəraycanda incəsənət xadimləri &uuml;&ccedil;&uuml;n hər bir şərait yaraılıb,milli mədəniyyətin &ccedil;i&ccedil;əklənməsi &uuml;&ccedil;&uuml;n.Bu incəsənətdi &ndash; burda he&ccedil; bir plan ola bilməz.Doğrusu bu yaxınlarda şəxsi sərqim g&ouml;zlənilir.Əvvəllər rəsmlərimi &ccedil;ox g&ouml;stərmirdim,ancaq sənət kənarda qalıb tək rəssama məxsus ola bilməz,sənət kənardan qiymətləndirilməlidir.İnkişaf &uuml;&ccedil;&uuml;n tənqid zəruridir.</p>\r\n\r\n<p><strong>Sizin &uuml;&ccedil;&uuml;n inam və &uuml;m&uuml;d nə deməkdir?</strong><br />\r\nİnam bizə yaşamaq &uuml;&ccedil;&uuml;n g&uuml;c verir.Mən Allaha,&ouml;z&uuml;mə,və işiqlı gələcəyə inanıram.&Uuml;m&uuml;d olmasa emosiyalar,hisslər,istəklərdə olmaz.İnam və &uuml;m&uuml;d &ndash; &ccedil;ox fərdi anlayışlardır .Mən &ouml;z yaradıcılığıma inanıram və &uuml;m&uuml;d edirəm ki, b&uuml;t&uuml;n hisslərimlə b&ouml;l&uuml;şə bilərəm...fır&ccedil;a vasitəsilə...</p>\r\n\r\n<p>&nbsp;</p>\r\n\r\n<p>Mətn: Fidan Mirzəyeva</p>\r\n\r\n<p>Tərc&uuml;mə: Sevda Mirkişiyeva</p>\r\n\r\n<p>Foto: Aytən Suleymanova</p>\r\n\r\n<p>&nbsp;</p>\r\n\r\n<p>&nbsp;</p>\r\n\r\n<p>&nbsp;</p>\r\n\r\n<p>&nbsp;</p>\r\n\r\n<p>&nbsp;</p>\r\n\r\n<p>&nbsp;</p>\r\n\r\n<p>&nbsp;</p>\r\n\r\n<p>&nbsp;</p>\r\n\r\n<p>&nbsp;</p>\r\n\r\n<p>&nbsp;</p>\r\n\r\n<p>&nbsp;</p>\r\n\r\n<p>&nbsp;</p>\r\n\r\n<p>&nbsp;</p>\r\n\r\n<p>&nbsp;</p>\r\n\r\n<p>&nbsp;</p>\r\n\r\n<p>&nbsp;</p>\r\n', '', '<p>&nbsp; <strong>Расскажите когда и как вы начали творить ?</strong><br />\r\nС раннего детства я любил рисовать. Еще в дошкольном возрасте я брал большие листы ватмана,&nbsp; бросал на пол и рисовал. Затем родители записали меня в Дом пионеров имени Гагарина. В этот период я уже решил связать свою жизнь с живописью и поступил в художественное училище Азима Азимзаде. Высшее образование получил в Тбилисской Академии Художеств в секции монументальной керамики. Помимо персональных выставок в 1992-1993 гг. в Анкаре и в Стамбуле, я также участвовал на различных республиканских выставках.<br />\r\n<strong>Творчество какого художника всегда вас привлекало?</strong><br />\r\nМеня всегда привлекало творчество соотечественника Расима Бабаева, его свободолюбие, а из мировых Густава Климта, Пабло Пикассо, очень нравится творчество импрессиониста Клода Моне, под влиянием работ которого я создал несколько произведений.&nbsp; Также у меня создавал интерес творчество скульптора Аристида Майоля, который придавал большое значение пустотным формам.<br />\r\n<strong>Какие чувства вы переживаете каждый раз, создав новое творение?</strong><br />\r\nУдовлетворение&hellip; Меня может вдохновить абсолютно все. Я не делаю эскизов, ставлю холст&nbsp; и все приходит само с собой. Моя рука передает все, что я чувствую после увиденного или услышанного.&nbsp; Работа завершается и я обретаю полный покой, это и есть для меня удовлетворение.<br />\r\nВ процессе интервью в мастерской играла музыка на пластинке в жанре блюз, в частности любимого художником&nbsp; песни Джорджа Бенсона и другие.&nbsp;</p>\r\n\r\n<p><strong>С какими художниками у вас связаны воспоминания?</strong><br />\r\nСамые яркие воспоминания у меня связаны с дядей, народным художником Азербайджана, Огтай&nbsp;&nbsp; Шихалиевым. В детстве он водил меня в мастерские известных художников, не раз виделся с Саттар Бахлулзаде. Однажды в 14 или 15 лет мне&nbsp; посчастливилось побывать&nbsp; в его мастерской&nbsp; целый&nbsp; день. Его образ врезался в мою память:&nbsp; волосы, плащ, берет, этюдник, который был постоянно с ним. Незабываемы&nbsp; также уроки с моими педагогами Камиль Ханларовым и Агалар Абдуллаевым.</p>\r\n\r\n<p><strong>Какие у вас планы на будущее?</strong><br />\r\nНа будущее планов очень много. Дай Бог здоровья (смеется).&nbsp; На сегодняшний день у нас&nbsp; в Азербайджане созданы все условия для деятелей искусства, для процветания народной культуры.&nbsp;&nbsp; Это искусство &ndash; тут не может быть никаких планов.&nbsp; Правда в&nbsp;&nbsp; ближайшее время&nbsp; ожидается&nbsp; персональная выставка.&nbsp; Раньше как-то скрывал и не показывал&nbsp; свои картины , но творчество не должно лежать в углу и принадлежать только художнику, оно должно оцениваться со стороны.&nbsp;&nbsp; Критика&nbsp; необходима для развития.</p>\r\n\r\n<p><strong>Что для вас значат вера и надежда?</strong><br />\r\nВера придает нам сил жить дальше. Я верю в Бога и в себя, в светлое будущее. А если нет надежды, то нет и эмоций, переживаний , стремлений. Вера и надежда &ndash; очень индивидуальные понятия. Я верю в свое творческое начало и надеюсь на то, что смогу поделиться со всеми своими чувствами&hellip;посредством кисти&hellip;</p>\r\n\r\n<p>&nbsp;</p>\r\n\r\n<p>Текст: Фидан Мирзоева</p>\r\n\r\n<p>Фото: Айтен Сулейманова</p>\r\n', '3', '11', '1', '/uploads/images/bp_bb769.jpg'), ('9', 'Məhəmmədin musiqi çalarları', '', 'Музыкальные краски Магомеда', '<p>&nbsp; G&ouml;rmə sinirinin hissəli atrofiyası və torlu gişanın qopması nəticısində I qrup əlil olan Abışov Məhəmməd 11 iyul 2011 ildə anadan olub. Rənbərəng həyatı g&ouml;rməyə qadir olmasa da , bizim Məhəmməd onu duyur, hər anını,&nbsp; təbiətin g&ouml;zəlliyini və ... qarmonun dillərini hiss edir. Musiqi vasitəsilə o, &ouml;z&uuml;n&uuml; &ouml;z d&uuml;nyasında&nbsp; təsəvv&uuml;r edir və həyatın koloritini musiqi boyalarıyla g&ouml;rməyə &ccedil;alışır. M&uuml;əllimi V&uuml;sal Qəhrəmanovun intensiv işi, valideynlərin dəstəyi və Məhəmmədin &ccedil;alışqanlığı&nbsp; ona Prezident yanında Azərbaycan Gənclər Fondunun maliyyə dəstəyilə sağlamlıq imkanları məhdud insanlar &uuml;&ccedil;&uuml;n 5 №-li Respublika x&uuml;susi internat-məktəbində həyata ke&ccedil;irilən &ldquo;Mən də varam&rdquo; fərdi qabiliyyət m&uuml;sabiqəsinin 1 yer qalibliyini nəsib etdi. Valideynlərinin s&ouml;zlərinə əsasən musiqi hissiyatı onda erkən yaşlarından bilinib. O, həm&ccedil;inin dərslərini m&uuml;fəvvəqiyyətlə yerinə yetirir və x&uuml;susilə şeir s&ouml;yləməyi &ccedil;ox sevir. &ldquo; Mən həm musiqi&ccedil;i, həm də Ana dili və ədəbiyyat m&uuml;əllimi olmaq istəyitəm!&rdquo; &ndash; deyə Məhəmməd s&ouml;yləyir. O, &ouml;z g&uuml;cl&uuml; ruhi potensialına g&uuml;vənərək irəliyə getmək və inkişaf etməyə &ccedil;alışır.Onun uğura inamı valideynlərində işıqlı gələcəyə &uuml;mid yaradır.</p>\r\n\r\n<p><br />\r\n<strong>Tibbi l&uuml;ğət</strong><br />\r\nTorlu gişanın qopması &ndash; g&ouml;z xəstəliyin ağır formasıdır, g&ouml;z&uuml;n torlu gişasının damarlı gişasından qopması prossesi.<br />\r\nG&ouml;rmə sinirinin hissəli atrofiyası &ndash; g&ouml;rmə funksiyasının azalması,<br />\r\ng&ouml;rmənin tam itirilməsinə səbəb ola bilən xəstəlikdir.<br />\r\n&nbsp;<br />\r\nMətn: Fəridə Əsgərzadə<br />\r\nFoto: V&uuml;sal Adıg&ouml;zəlov<br />\r\nVideo: V&uuml;sal Adıg&ouml;zəlov, Eltun Baxışzadə</p>\r\n\r\n<p>&nbsp;</p>\r\n\r\n<p>&nbsp;</p>\r\n\r\n<p>&nbsp;</p>\r\n\r\n<p>&nbsp;</p>\r\n', '', '<p>&nbsp; Инвалид I группы в соответствии с болезнью частичной атрофии зрительного нерва и отслойки сетчатки Абышов Магомед&nbsp; родился&nbsp; 11 июля 2001 года.&nbsp; Несмотря на то, что он не может видеть красочный мир, наш Магомед ощущает&nbsp; его, чувствует каждый миг,&nbsp; красоту природы и ... клавиши гармона. Музыка &ndash; часть его жизни, с помощью которой он чувствует себя в своем мире и старается увидеть колорит жизни музыкальными красками. Усиленная работа его педагога Вюсал Гахраманова, поддержка родителей и упорство Магомеда помогли достичь успеха ,и завоевать 1 место на&nbsp; конкурсе индивидуальных способностей &laquo; Я тоже здесь&raquo;, проведенном в №5 Республиканскй школе-интернате, организованным&nbsp; поддержкой Фонда Молодежи Азербайджана при Президенте АР . По словам его родителей, музыкальный слух прочувствован с раннего детства . Он также очень хорошо успевает в&nbsp; школьных предметах и особенно любит учить стихи. &laquo; Я хочу стать и музыкантом , и учителем по азербайджанскому языку и литературе!&raquo; - говорит Магомед.&nbsp; Он хочет постоянно развиваться, несмотря ни на что, опираясь на свой сильный духовный потенциал. Его вера в свои возможности добиться успеха зарождают у его родителей надежду на светлое будущее.</p>\r\n\r\n<p>&nbsp;</p>\r\n\r\n<p><strong>Медицинский словарь</strong><br />\r\nОтслойка сетчатки &ndash; это тяжелое заболевание глаза,<br />\r\nпроцесс отделения сетчатой оболочки глаза от сосудистой оболочки.<br />\r\nЧастичная атрофия зрительного нерва &ndash; это расстройство функции зрения, которая может привести к слепоте.</p>\r\n\r\n<p>&nbsp;</p>\r\n\r\n<p>Текст: Фарида Аскерзаде<br />\r\nФото: Вюсал Адыгезалов<br />\r\nВидео: Вюсал Адыгезалов, Эльтун Бахышзаде</p>\r\n', '4', '12', '1', '/uploads/images/bp_4f9f8.jpg'), ('10', 'Bir həyatı xilas edən , bütün dünyanı xilas edir', '', 'Тот, кто спасает одну жизнь, спасает весь мир', '<p>&nbsp; <strong>Nərgiz Kərimova </strong>t<strong>əşkilatı yaratmaq fikrinə necə gəlib?</strong><br />\r\nTəşkilatımız biz fəaliyyətə başladıqdan sonra yaranıb. Mənim fikrimcə, həyatında negativ anlar yaşayan he&ccedil; bir insan bu anları başqalarının da yaşamağını istəməz.Mən təmin olunmuş ailədə b&ouml;y&uuml;m&uuml;şəm,buna baxmayaraq maliyyə imkanın yaxşı olsa belə &ccedil;ətin anlarda mənəvi k&ouml;mək daha vacibdir. Mən bunu yaşamışam və buna g&ouml;rə insanlarla ancaq həyatımda baş verən m&uuml;sbətliklərlə b&ouml;l&uuml;şmək istəyirəm. Ilk dəfə bir insanın həyatının xilasına k&ouml;mək etməyim yadımdadır.2004c&uuml; il idi,tanışım mənə &uuml;rək &ccedil;atışmamazlığı və b&ouml;yrək &ccedil;atışmamazlıqından əziyyət &ccedil;ekən 4 yaşlı oğlundan danıshdı. O yardım istəmirdi &ndash; sadəcə dərdini mənimlə b&ouml;l&uuml;ş&uuml;rd&uuml;.Bu hadisədən &ccedil;ox təsirləndim &ccedil;&uuml;nki &ouml;z&uuml;m də qardaşımı b&ouml;yrək &ccedil;atışmamazlığına g&ouml;rə itirmişəm və bu qadına nə bahasına olursa olsun komək etmək istədim.Axı bu &ccedil;ox qorxuludur -g&ouml;z&uuml;n&uuml;n qabağında &ouml;lən uşağının m&uuml;alicəsinə pulun olmasın və&nbsp; he&ccedil;nə edə bilməyəsən.O g&uuml;ndən biz xeiriyyə&ccedil;iliknən məşqul olmağa başladıq.Əvvəlcə yaxınlarım məni başa d&uuml;şm&uuml;rd&uuml;,deyirdilər ki &ouml;zgə problemləri bu gədər &uuml;rəyə salmaq olmaz.Indi mən &ouml;z&uuml;m də başa d&uuml;sh&uuml;rəm,g&ouml;z yaşları ilə dərdə &ccedil;arə tapmag olmur,onlara maaddi k&ouml;mək lazımdır.Və dostlarla birlikdə biz məgsədimizə nail oluruq &ndash; hər ay 4-5 uşaqı əməliyyata gondəririk.<br />\r\n<strong>&nbsp; Hər xilas olunmuş uşaqla siz hansı hissləri ke&ccedil;irirsiz?</strong><br />\r\nMən &ouml;z&uuml;m&uuml; lazımlı hiss edirəm. &Ouml;z&uuml;m&uuml; xoşbəxt hiss edirəm, b&uuml;t&uuml;n d&uuml;nyanı xilas edəcək gədər &ccedil;ox yaşamaq istəyirəm.Hər dəfə n&ouml;vbəti uşağın əməliyyatı uğurla başa &ccedil;atanda harda olduğumdan asılı olmayaraq g&ouml;zlərim yaşla dolur.Və mən başa d&uuml;sh&uuml;rəm ki, irəliyə getmək lazımdı,yaşamaq və digərlərinə yaşamağa komək etmək lazımdır. Mən &ccedil;ox şadam ki, Allah mənə bu yolu a&ccedil;dı və bu yolda mənə k&ouml;mək edir. O, m&ouml;c&uuml;zələri ən g&ouml;zləmədiyim anda yaradər.Və hər zaman kədər g&ouml;z yaşlarım sevinc g&ouml;z yaşlarına qarışır&hellip;</p>\r\n\r\n<p><strong>&nbsp; Sizin xeyriyyə&nbsp; fəaliyyətiniz &ccedil;ox insanlara başqalarının dərdinə biganə qalmamağa stimul olub&hellip;</strong><br />\r\nBir &ccedil;ox insan yaxşılıq etməyi sevir. Bizim təşkilatın ətrafına başqalarının dərdinə biganə qala bilməyən &ccedil;oxlu insan toplanıb. Bu insanlar m&uuml;ntəzəm olaraq ehtiyacı olan insanlara bizim təşkilat vasitəsi ile k&ouml;mək edirlər. Biz onları dostlarımız adlandırırıq. O dostlar ki, ilk &ccedil;ağırışımızla xeyriyyə aksiyalarımıza qoşulurlar. Onların arasında elə insanlar da var ki, zeif imkanlarına baxmayaraq yardım etməyə &ccedil;alışırlar. B&uuml;t&uuml;n dostlara m&uuml;raciyət edirəm &ndash; qarşınızda baş əyirəm!<br />\r\n&nbsp;<br />\r\n<strong>&nbsp; Bizə məlumdur ki, atanız Murad Babayev sizin həyatınızda vacib rol oynayıb. Siz &ouml;z&uuml;n&uuml;z&uuml; onun davam&ccedil;ısı hesab edirsinizmi?</strong><br />\r\nMən hər zaman atamla fəxr etmişəm. Mənim fikrimce, hər yaşaya və yarada bilən insan bu &ccedil;ətin həyatda iz qoymağa &ccedil;alışmalıdır. Mənim atam bunu bacaran insanlardan idi&hellip;Bəli,bu g&uuml;n əminliklə deyə bilərəm, ki atam mənə giymətsiz miras qoyub &ndash; uca ad, ş&ouml;hrət ve ş&uuml;bhəsiz ki,&nbsp; maddi və ən vacibi mənəvi k&ouml;məyə ehtiyacı olan insana uzana biləcək &uuml;rək. Mən isə ,&ouml;z n&ouml;vbəmdə , onun həyat missiyasını sona &ccedil;atdırmağa &ccedil;alışacam ki, mənim uşaqlarım da mən soyadımla fəxr elədiyim kimi analarıyla fəxr edə bilsinlər.</p>\r\n\r\n<p><strong>&nbsp; Sizin &uuml;&ccedil;&uuml;n İnam və &Uuml;mid nə deməkdir?</strong><br />\r\nZənnimcə İnam və &Uuml;mid s&ouml;zləri mənim həyatımda ən vacib s&ouml;zlərdir. Allah bizi yaradib ki biz ona inanaq,ve bu inam bizə he&ccedil; nəyin həyatda təsad&uuml;fən baş vermədiyini&nbsp; dərk etdirir : hər bir şeydə, hər bir hadisədə&nbsp; məna var..Uşaqların xəstəlikləri &ndash; sadəcə&nbsp; faciyəli təsad&uuml;f deyil,bu həm onların valideyinleri, həm də hər birimiz &uuml;&ccedil;&uuml;n sınaqdır: laqeyid qalıb kənardan ke&ccedil;əcəyik yoxsa onlara k&ouml;mək etmək &uuml;&ccedil;&uuml;n əlimizdən gələni edecəyik. İnam məni demək olar &ldquo;oyatdı&rdquo;, həyatıma başqa tərəfdən baxmağa məcbur etdi və məni hal-hazırda məşğul olduğum fəaliyyətə gətirdi.&Uuml;mid isə mənə insanın hər bir ki&ccedil;ik yaxşılığı belə həyat xilas edə biləcək gədər g&uuml;cl&uuml; olduğunu&nbsp; fikirləşməyə k&ouml;mək edir. K&ouml;mək eləyə bilmədiyimiz uşaqlara gəldikdə isə , &Uuml;mid və İnam məni bizim olduğumuz yerdən daha g&ouml;zəl yerdə olduqlarını d&uuml;ş&uuml;nməyə vadar edir.</p>\r\n\r\n<p>&nbsp;</p>\r\n\r\n<p>Mətn: Fəridə Əsgərzadə<br />\r\nTərc&uuml;mə: Sevda Mirkişiyeva</p>\r\n\r\n<p>&nbsp;</p>\r\n\r\n<p>&nbsp;</p>\r\n\r\n<p>&nbsp;</p>\r\n\r\n<p>&nbsp;</p>\r\n\r\n<p>&nbsp;</p>\r\n\r\n<p>&nbsp;</p>\r\n\r\n<p>&nbsp;\r\n<p>&nbsp;</p>\r\n</p>\r\n', '', '<p>&nbsp; <strong>Как Наргиз Керимова пришла к идее создания организации?</strong><br />\r\nНаша организация была создана намного позже того времени, как мы начали свою деятельность. Я считаю, что каждый человек, переживший какие-то негативные моменты в своей жизни, никогда не захочет, чтобы это же пережил кто-то другой. Я росла в обеспеченной семье, но, тем не менее, даже когда у тебя есть финансовые возможности, в трудных ситуациях намного важнее моральная поддержка. Я это пережила, и поэтому хотела бы делиться с людьми только тем позитивным, что было в моей жизни. Я помню первый случай, когда мне удалось помочь в спасении жизни другого человека. Это было в 2004 году, моя знакомая рассказала о своем 4-летнем сыне, который страдал пороком сердца и почечной недостаточностью. Она не просила помощи &mdash; просто делилась со мной своим горем. Я была впечатлена этой историей, так как сама потеряла брата из-за почечной недостаточности и хотелось во что бы то ни стало помочь этой женщине. Ведь так страшно, когда у тебя нет денег на лечение ребенка, который умирает на твоих глазах и ты ничего не можешь сделать.<br />\r\nС того дня мы начали заниматься благотворительностью. Поначалу близкие меня не понимали, говорили, что нельзя так принимать чужие проблемы близко к сердцу. Сейчас я сама понимаю, что слезами горю не поможешь, им нужна материальная поддержка. И вместе с друзьями мы добиваемся поставленной цели - каждый месяц посылаем на операцию пять-шесть детей.<br />\r\n<strong>Что вы чувствуете с каждым спасенным ребенком?</strong><br />\r\nЯ&nbsp; чувствую себя нужной. Я&nbsp; чувствую себя счастливой, хочу жить долго&nbsp; , чтобы спасти весь мир. Каждый раз когда очередной&nbsp; ребенок&nbsp; удачно переносит операцию, несмотря на то, где я нахожусь у меня на глазах появляются слезы и в горле появляется комок. И я понимаю, что нужно идти вперед, жить и помогать другим жить. Я очень рада , что Всевышний открыл мне&nbsp; эту дорогу и помогает мне в этом. Он творит чудеса именно тогда, когда я меньше всего этого жду. И всегда все мои слезы печали переплетаются со слезами радости ...<br />\r\nВаша благотворительная деятельность стала стимулом для многих людей стать неравнодушными к чужому горю &hellip;<br />\r\nМногие люди любят дарить добро. Вокруг нашей организации сплотились очень много людей, которые не могут оставаться равнодушными к чужому горю. Эти люди регулярно помогают нуждающимся через нашу организацию. Мы их называем нашими друзьями. Друзья, которые по первому нашему зову присоединяются нашим благотворительным акциям. Среди них есть те, которые несмотря на финансовое положение стараются хоть чем-нибудь помочь. Обращаюсь ко всем друзьям - низкий вам поклон.<br />\r\n&nbsp; <strong>Нам известно, что ваш отец Мурад Бабаев сыграл важную роль в вашей жизни, чувствуете ли вы себя его продолжателем?</strong><br />\r\nЯ всегда гордилась своим отцом. Мне кажется, что каждый человек, кто способен жить и творить, должен стараться оставить след в этой и так нелегкой жизни. Мой отец был из тех людей, которые смогли это сделать&hellip;Да, сегодня я могу с уверенностью сказать, что папа оставил мне бесценное наследство - доброе имя, славу и безусловно, необъятное сердце, которое способно протянуться любому нуждающемуся не только в материальном, но и , самое главное, в моральном плане. А я , в свою очередь, буду стремиться довести его миссию до конца, чтобы мои дети также могли гордиться своей мамой также как я горжусь своей фамилией.<br />\r\n&nbsp; <strong>Что для вас значат&nbsp; Вера и Надежда?</strong><br />\r\nСлова Вера и Надежда, пожалуй, самые важные в моей жизни. Я убеждена, что Аллах создал нас для того, чтобы мы верили в Него, и эта вера включает в себе осознание того, что всё в жизни происходит неспроста . Во всём есть смысл, в каждой цепочке событий. Болезни детей - это не просто трагичная случайность, это испытание для их родителей, испытание для каждого из нас, чтобы узнать останемся ли мы равнодушными, пройдем ли мы мимо или постараемся сделать всё возможное, чтобы помочь им. Вера &laquo;разбудила&raquo; меня в какой-то степени, заставила посмотреть на свою жизнь с другого угла и привела меня к той деятельности, которой я занимаюсь сейчас. Надежда же помогает мне думать, что каждое, даже самое маленькое, доброе дело человека может многое изменить, даже спасти жизнь. А те дети, которым мы не успели помочь или не смогли, Надежда и Вера помогает мне думать, что они в лучшем месте , чем мы с вами сейчас.</p>\r\n\r\n<p>&nbsp;</p>\r\n\r\n<p>Текст: Фарида Аскерзаде</p>\r\n\r\n<p>&nbsp;</p>\r\n', '3', '14', '1', '/uploads/images/bp_65b2e.jpg'), ('11', 'Cabirin sehirli fırçası', '', 'Волшебная кисть Джабира', '<p>&nbsp; Anadangəlmə iki tərəfli&nbsp; IV dərəcəli&nbsp; sensonerval&nbsp; ağır eşitmə və nitq pozuntusundan əziyyət &ccedil;əkən Qocalı Cabir 29 noyabr 2003 ildə anadan olub.&nbsp; O, hal-hazırda 246 n&ouml;mrəli&nbsp;orta məktəbin inklyuziv təhsil sinfin şagirdidir və həkim-loqopedin m&uuml;alicəsi nəticəsində insanların danışığını dodaqdan başa d&uuml;ş&uuml;r. M&uuml;əlliməsi&nbsp;G&uuml;ltəkin xanımın s&ouml;zlərinə g&ouml;rə Cabir b&uuml;t&uuml;n tapşırıqları məsuliyyətlə yerinə yetirir və həmyaşıdlarından geriyə qalmamağa &ccedil;alışır. Amma bizim diqqətimizi &ccedil;əkən onun rəsmə istedadı oldu. &Ouml;z sinif yoldaşlarından fərqli olaraq Cabir şəkilləri ancaq fantaziyasına arxalanaraq &ccedil;əkir. Anası: &ldquo;Ke&ccedil;ən il Cabirin m&uuml;əlliməsi, Məkkə ziyarətində olduğundan dərslərə gəlmirdi. Onun qayıtdığı g&uuml;n&uuml;n səhərisi Cabir məscid şəklini &ccedil;əkdi. Bu hadisə bizə indiyə kimi sirr qalıb &ccedil;&uuml;nki o, m&uuml;əllimənin nə hara getdiyini başa d&uuml;ş&uuml;rd&uuml;, nə də ki m&uuml;qəddəs şəhərin necə g&ouml;r&uuml;nd&uuml;y&uuml;n&uuml; bilirdi&rdquo;. Cabir &ccedil;ox şən və ağıllı uşaqdır. O, &ouml;z fikirlərini və real həyata baxışını qələm və fır&ccedil;ayla izah etməyə &ccedil;alışır. Hamı kimi Cabirin də arzusu var &ndash; rəssam olmaq. Biz Cabirinin gələcək yaradıcılığına inanır və umid edirik ki, onun arzuları həm bizim &uuml;rəklərimizdə, həm də sehirli kətanlarda &ouml;z m&ouml;hr&uuml;n&uuml; qoyacaq.</p>\r\n\r\n<p>&nbsp;</p>\r\n\r\n<p><strong>Tibbi l&uuml;ğət</strong></p>\r\n\r\n<p>Sensonerval ağır eşitmə - daxili qulağın,</p>\r\n\r\n<p>eşitmə sinirinin və ya baş beynin mərkəzi&nbsp;ş&ouml;bələrinin</p>\r\n\r\n<p>(beyin k&ouml;t&uuml;y&uuml; və ya eşitmə qabığ mərkəzi)</p>\r\n\r\n<p>patalogiyası ilə şərtlənən eşitmənin zəifləməsi halıdır.</p>\r\n\r\n<p>&nbsp;</p>\r\n\r\n<p>Mətn: Fəridə Əsgərzadə</p>\r\n\r\n<p>Foto: Eltac Zeynalov</p>\r\n\r\n<p>&nbsp;</p>\r\n\r\n<p>&nbsp;</p>\r\n\r\n<p>&nbsp;</p>\r\n\r\n<p>&nbsp;</p>\r\n\r\n<p>&nbsp;</p>\r\n\r\n<p>&nbsp;</p>\r\n\r\n<p>&nbsp;</p>\r\n\r\n<p>&nbsp;</p>\r\n\r\n<p>&nbsp;</p>\r\n\r\n<p>&nbsp;</p>\r\n\r\n<p>&nbsp;</p>\r\n\r\n<p>&nbsp;</p>\r\n\r\n<p>&nbsp;</p>\r\n\r\n<p>&nbsp;</p>\r\n\r\n<p>&nbsp;</p>\r\n\r\n<p>&nbsp;</p>\r\n\r\n<p>&nbsp;\r\n<p>&nbsp;</p>\r\n</p>\r\n', '', '<p>&nbsp; Страдающий двухсторонней сенсонервальной тугоухостью прелингвальной формы IV степени&nbsp; и нарушением речи Годжалы Джабир родился 29 ноября 2003 года.&nbsp; Он учится в 246&nbsp; школе в классе инклюзивного образования и с помощью частых посещений&nbsp; врача - логопеда может читать с губ собеседника.&nbsp; Основываясь на похвалы учительницы&nbsp;Гюльтекин ханум, Джабир очень&nbsp; ответственно относится к выполнению всех поручений и&nbsp; старается не отставать от своих ровесников.&nbsp; Но наряду с этим&nbsp; главное наше внимание привлек его талант к рисованию. В отличие от своих одноклассников&nbsp; наш Джабир имеет способность рисовать&nbsp; только основываясь на свою фантазию, без необходимости визуализации. &laquo; В прошлом году его учительница Ханым отсутствовала некоторое время на занятиях, что было связано ее посещением священной Меккы.&nbsp; День после ее приезда он нарисовал мечеть. Как он смог это сделать остается для нас большой тайной, так как он не понимал куда улетала его педагог и что из себя представляет священный город&raquo; - утверждает мать Джабира. Джабир очень веселый и умный ребенок. Он излагает свои мысли и видения реальности с помощью кисти и карандаша. Как у всех детей у Джабира есть мечта &ndash; стать художником . Мы верим в творческое будущее Джабира и надеемся, что все его мечты запечатлеются как в наших сердцах, так и на волшебных холстах.</p>\r\n\r\n<p><br />\r\n<strong>Медицинский словарь</strong><br />\r\nСенсонервальная тугоухость &ndash; это снижение слуха,<br />\r\nобусловленное заболеванием внутреннего уха,<br />\r\nслухового нерва или центральных отделов головного мозга (ствол мозга или слуховая кора).</p>\r\n\r\n<p><br />\r\nТекст: Фарида Аскерзаде<br />\r\nФото: Эльтадж Зейналов<br />\r\n&nbsp;</p>\r\n', '4', '13', '1', '/uploads/images/bp_b6acf.JPG'), ('15', 'Simli kvartetin konserti ', '', 'Концерт струнного квартета', '<p><strong>15 yanvar saat 19:00-da </strong>- Kamera və orqan musiqisi zalında simli kvartetin konserti ke&ccedil;iriləcək.</p>\r\n\r\n<p>&nbsp;</p>\r\n', '', '<p><strong>15 января в 19:00 </strong>- На сцене Зала камерной и органной музыки состоится концерт струнного квартета.</p>\r\n', '6', null, '1', '/uploads/images/bp_453f3.jpg'), ('16', 'Müşfiq Mehdibəylinin sərgisi', '', 'Выставка Мушфига Мехтибейли', '<p><strong>11-13 yanvar </strong>- &quot;Baku Creative Center&quot; yaradıcılıq mərkəzində&nbsp; fotoqraf M&uuml;şfiq Mehdibəylinin sərgisi ke&ccedil;iriləcək. Sərgidə İranın g&ouml;zəl şəhərlərindən biri olan İsfahanın 40 km-də f&uuml;sunkar mənzərəsi və xoş havasi ilə &uuml;rəkləri riqqətə gətirən Əbyanə kəndində hazırlanan fotorobotlar n&uuml;mayiş etdiriləcək.</p>\r\n\r\n<p>&nbsp;</p>\r\n', '', '<p><strong>11-13 января </strong>- В творческом центре &quot;Baku Creative Center&quot; пройдет выставка фотографа Мушфига Мехтибейли. На выставке будут представлены фотоработы, сделанные в деревне Абяне, которая находится в сорока километрах от Исфахана (Иран).</p>\r\n', '6', null, '1', '/uploads/images/bp_c5fc0.png'), ('17', 'Ülviyyə Musayevanın sərgisi', '', 'Выставка Ульвии Мусаевой', '<p><strong>17-18 yanvar 2014-c&uuml; il </strong>- &Uuml;lviyyə Musayevanın 3-c&uuml; sərgisi baş tutacaq. 3D texnikasında ekstraordinar işlər, Hand life - barmaqla qoyulan naxış n&uuml;mayiş olunacaq. Sərginin a&ccedil;ılışı 17 yanvar 19:00-da baş tutacaq. Sərgidə işlərin satışı da həyata ke&ccedil;iriləcək və satışdan xəstə uşğaı olan ailəyə faiz veriləcək. 18 yanvar 17:00-da Hand life performansı ke&ccedil;iriləcək.</p>\r\n\r\n<p>&nbsp;</p>\r\n', '', '<p><strong>17-18 январь 2014г.</strong> &ndash; Состоится 3-я выставка Ульвии Мусаевой под названием &quot;Beyond Unreality&quot;, где будут предсьавлены экстраординарные работы в единственной в своем роде 3D технике &ndash; Hand life &ndash;роспись пальцами. Открытие выставки состоится 17 января в 19:00.18 января в 17:00 состоится перфоманс &ndash; Hand life.</p>\r\n', '6', null, '1', '/uploads/images/bp_2ad6e.png'), ('18', '20 yanvar faciəsinə həsr edilmiş konsert', '', 'Концерт, посвященный 20 января', '<p><strong>18 yanvar&nbsp;saat 19:00-da&nbsp;</strong>- 20 yanvar faciəsinin qurbanlarının xatirəsinə həsr edilmiş konsert Kamera və Orqan Musiqisi Zalında ke&ccedil;iriləcək. Konsertdə iştirak edəcək: Azərbaycan D&ouml;vlət Kamera Orkestri.</p>\r\n\r\n<p>&nbsp;</p>\r\n', '', '<p><strong>18 января&nbsp;в 19:00&nbsp;</strong>- Концерт, посвященный памяти жертв трагедии 20 января пройдет на сцене Зала Камерной и органной музыки. В концерте примут участие: Азербайджанский Государственный Камерный оркестр .</p>\r\n', '6', null, '1', '/uploads/images/bp_17ad4.jpg'), ('19', 'Simfonik orkestrin konserti ', '', 'Концерт симфонического оркестра ', '<p><strong>10 yanvar 19:00-da&nbsp;</strong> - &Uuml;.Hacıbəyli adına Azərbaycan D&ouml;vlət Simfonik Orkestrı D&ouml;vlət Filarmoniyasının səhnəsində konsert verəcək. Dirijor -Azad Əliyev.</p>\r\n', '', '<p><strong>10 январь&nbsp; в 19:00</strong> - Азербайджанский Государственный Симфонический Оркестр имени У. Гаджибейли даст концерт на сцене Государственной Филармонии. Дирижер- Азад Алиев.</p>\r\n', '6', null, '1', '/uploads/images/bp_99684.jpg'), ('20', 'Gənc muğam ifaçılarının konserti  ', '', 'Концерт молодых исполнителей мугама', '<p>&nbsp;<strong>8 yanvar 19:00-da</strong><em><strong> -&nbsp;</strong></em>Beynəlxalq Muğam Mərkəzində gənc muğam ifa&ccedil;ılarının konserti ke&ccedil;iriləcək.&nbsp;</p>\r\n', '', '<p><strong>8 января в 19:00</strong>&nbsp; -&nbsp;&nbsp;Международном Центре Мугама состоится концерт молодых исполнителей мугама.&nbsp;</p>\r\n', '6', null, '1', '/uploads/images/bp_e4e67.jpg'), ('21', ' Xalq çalğı alətlərinin konserti ', '', '  Концерт  оркестра народных инструментов  ', '<p><strong>16 yanvar saat 19:00-da&nbsp;&nbsp; </strong><em><strong>-&nbsp;</strong></em>Filarmoniyanın səhnəsində Azərbaycan D&ouml;vlət Xalq &Ccedil;alğı Alətləri Orkestrinin konserti ke&ccedil;iriləcək.</p>\r\n', '', '<p><strong>16 января в&nbsp; 19:00 &nbsp;</strong><em><strong>-&nbsp;</strong></em> Концерт Азербайджанского Государственного Оркестра Народных Инструментов состоится на сцене Филармонии.</p>\r\n', '6', null, '1', '/uploads/images/bp_24f86.jpg'), ('22', 'Azərbaycan Dövlət Rəqs ansamblının konserti', '', 'Концерт Государственного танцевального оркестра', '<p><strong>22 &nbsp;yanvar saat 19:00-da </strong>- M.Maqomaev adına Azərbaycan D&ouml;vlət Filarmoniyasının Azərbaycan D&ouml;vlət rəqs ansamblı konsert proqramı ilə &ccedil;ıxış edəcək. Kollektivin bədii rəhbəri -Afaq Məlikova.</p>\r\n\r\n<p>&nbsp;</p>\r\n', '', '<p>&nbsp;<strong>22 январь&nbsp;в 19:00&nbsp;&nbsp;</strong>-&nbsp;Азербайджанский Государственный ансамбль танца выступит с концертом на сцене Филармонии. Художественный руководитель коллектива - Афаг Меликова.</p>\r\n', '6', null, '1', '/uploads/images/bp_ca2d4.jpg'), ('23', 'Türk sənətçilərinin konserti', '', 'Концерт турецких исполнителей', '<p><em><strong>23 yanvar </strong></em><em><strong>saat 19:00</strong></em> - &nbsp;Ş. Məmmədova adına Opera studiyanın konsert salonunda t&uuml;rk sənət&ccedil;ilərinin &quot;Bir millət iki d&ouml;vlət&quot;adlı konserti baş tutacaq.&nbsp;Onlar arasında m&uuml;ğənni Mustafa Yıldızdoğan,&nbsp;solistlər Elif Nun, Osman &Ouml;zəl, Mehmet Bitməz, Ərc&uuml;mənt Əkin, &nbsp;və s. sənət&ccedil;ilər ifa edəcəklər.</p>\r\n', '', '<p>23 &nbsp;января в 19:00 &nbsp;В концертном салоне Оперной студии им. Ш. Мамедовой состоится концерт &quot;Одна нация - два государства&quot; турецких исполнителей. В концерте примут участие Мустафа Йылдыздоган, Элиф Нур, Осман Озел, Мехмет Битмез &nbsp; и др.</p>\r\n', '6', null, '1', '/uploads/images/bp_4496e.jpg'), ('24', '\"Plagiat\" sərgisi', '', 'Выставка \"Плагиат\"', '<p><strong>26 yanvar saat 13:00-da </strong>- M&uuml;asir İncəsənət Mərkəzində &quot;Plagiat&quot; sərgisi baş tutacaq. Bu, İ love Art layihəsinin rəhbərliyi ilə ke&ccedil;irilən sayca 4c&uuml; sərgidir. Giriş sərbəstdir.</p>\r\n', '', '<p><strong>26 января в 13:00&nbsp;</strong>-&nbsp; Состоится выставка &quot; Плагиат&quot; в Центре&nbsp;Современного Искусства,&nbsp;организованной под руководством проекта I love Art. Вход свободный.</p>\r\n', '6', null, '1', '/uploads/images/bp_1ebfc.jpg'), ('25', 'İrina Eldarovanın sərgisi', '', 'Выставка Ирины Эльдаровой', '<p><strong>26 dekabr &ndash; 26 fevral </strong>- YAY! qalereyası İrina Eldarovanın &quot;Qızlar neft&ccedil;ilərə &uuml;st&uuml;nl&uuml;k verir&quot; fərdi sərgisinin a&ccedil;ılışına dəvət edir. Giriş sərbəstdir. Sərgi 26 fevral 2014-c&uuml; il tarixinə qədər davam edəcək. Sərgi haqqında&nbsp; <a href=\"http://www.yaygallery.com\">www.yaygallery.com</a> saytından ətraflı məlumat ala bilərsiniz.<br />\r\nQalereyanın iş saatları 12:00-dan 20:00-a qədər (İstirahət g&uuml;n&uuml;: bazar ertəsi)<br />\r\n&nbsp;</p>\r\n', '', '<p>Галерея YAY! приглашает на выставку Ирины Эльдаровой &quot;Девушки предпочитают нефтяников&quot;. Вход свободный. Выставка продлится до 26 февраля 2014 г. Подробнее о выставке можете ознакомиться на сайте <a href=\"http://www.yaygallery.com\">www.yaygallery.com</a>.</p>\r\n\r\n<p>Рабочее время галереи: 12:00 до 20:00 (Выходной: Понедельник)</p>\r\n', '6', null, '1', '/uploads/images/bp_0fffe.jpg'), ('26', '\"Fly to Baku\" sərgisi', '', 'Выставка \"Fly to Baku\"', '<p><strong>27 dekabr - 01 mart </strong>- &nbsp;Heydər Əliyev Mərkəzində &quot;Fly to Baku&quot; sərgisi ke&ccedil;irilir. M&uuml;asir incəsənət sərgisi Heydər Əliyev fondu və &quot;Baku&quot; jurnalı tərəfindən təşkil edilib. Sərgidə 21 Azərbaycan rəssamının m&uuml;xtəlif janrlarda (rəsm, heykəltararşlıq, instalyasiya, videoart, performans, fotoqrafiya) 100-dən artıq işi təqdim ediləcək. London, Paris, Berlin, Moskva, Roma, Vyanada ke&ccedil;irilmiş sərgi, nəhayət ki, Bakıda da ke&ccedil;iriləcək.</p>\r\n', '', '<p><strong>27 декабрь - 01 март </strong>- В Центре Гейдара Алиева&nbsp;проходит выставка &quot;Fly to Baku. Современное искусство Азербайджана&raquo;. Выставка организована Фондом Гейдара Алиева и журналом &laquo;Баку&raquo;. На ней будет представлено более 100 работ 21 азербайджанского художника, созданных в различных жанрах&nbsp; - живопись, скульптура, инсталляция, видеоарт, перформанс, фотография. Выставка прошла в Лондоне, Париже, Берлине, Москве, Риме, Вене, и, наконец, пройдет&nbsp; в Баку.</p>\r\n', '6', null, '1', '/uploads/images/bp_659ee.jpg'), ('27', '\"Celtic Legends\" ansamblın konserti', '', 'Концерт ансамбля \"Celtic Legends\"', '<p>01-02 mart saat 19:00 &nbsp;- Heydər Əliyev Sarayında irland rəqs ansamblının konserti baş tutacaq. &quot;Celtic Legends&quot; (Kelt əfsanələri) proekti insanın d&uuml;nyada suya&nbsp;torpağa, oda və havaya bağlılığından bəhs edir. Rəqslər irland milli alətlərin m&uuml;şayəti ilə olacaq.</p>\r\n', '', '<p><em><strong>01,02 март в 19:00</strong></em> -&nbsp;На сцене Дворца Гейдара Алиева состоится концерт ирландского танцевального ансамбля &quot;Celtic Legends&quot;, на сцене будут представлены ирландские национальные танцы,которые&nbsp;представят живое шоу с традиционными ирландской музыкой и песнями. Проект&nbsp;&nbsp;&quot;Celtic&nbsp;Legends&quot; &nbsp;(&quot;Кельтские легенды&quot;) рассказывает о первобытных чувствах человека к окружающему.</p>\r\n', '6', null, '1', '/uploads/images/bp_b86c6.jpg'), ('28', 'Di Di Bricuoterin konserti', '', ' Концерт Di Di Bricuoter', '<p>12 fevral 2014 saat 19:00 - Heydər Əliyev Mərkəzi&nbsp;</p>\r\n\r\n<p>M&uuml;asir &nbsp;Caz vokal sənətinin tanınmış n&uuml;mayəndələrindən biri olan&nbsp;Di Di Bricuoterin &nbsp;Bakıda konserti ke&ccedil;iriləcək. &nbsp;Proqrammda onun məşhur improvizasiyaları və tanınmış caz sənət&ccedil;ilərinin əsərləri səslənəcək.</p>\r\n\r\n<p>www.heydaraliyevcenter.az</p>\r\n', '', '<p>12 февраля 2014 г в 19:00. -&nbsp;Центр Гейдара Алиева.</p>\r\n\r\n<p>Состоится &nbsp;сольный&nbsp;концерт&nbsp;Di Di Bricuoter известной исполнительницы джазовых импровизаций. &nbsp;В ее исполнении прозвучат так же композиции многих известных исполнителей джаза.</p>\r\n\r\n<p>www.heydaraliyevcenter.az</p>\r\n', '6', null, '1', '/uploads/images/bp_6fce0.jpg'), ('29', 'Real məkan - konseptual məkan', '', '', '<p>24 - 28 yavar 2014-c&uuml; il &nbsp; - Muasir İncəsənət Muzeyi</p>\r\n\r\n<p>M&uuml;asir İncəsənət Muzeyi Almaniyanın Xarici Əlaqələr İnstitutu (ifa) və Bakıdakı Almaniya Səfirliyinin əməkdaşlığı ilə 24 yanvar 2014-c&uuml; il tarixində, &ldquo;Real məkan. Konseptual məkan &ndash; alman fotoqrafiyası 90-cı illərdə&rdquo; adlı fotoşəkil sərgisinin a&ccedil;ılışı olacaq.&nbsp;Sərgi &ldquo;M&uuml;asir alman fotoqrafiyasının aspektləri&rdquo; adlı tədbirlər &ccedil;ər&ccedil;ivəsində ke&ccedil;iriləcək və 90-cı illərin alman fotoqrafiyasını n&uuml;mayiş etdirəcək. Susanna Br&uuml;gger, Tomas Demand və Haydi Şpekerin &uuml;&ccedil; m&uuml;xtəlif m&ouml;vqeyi bir ictimai məkan daxilində birləşəcək.<br />\r\n&quot;Real məkan. Konseptual məkan&quot; adlı sərgi 1998-ci ildən etibarən d&uuml;nyanın 46-dan &ccedil;ox m&uuml;xtəlif &ouml;lkəsinə təşkil edilmişdir.</p>\r\n\r\n<p>Sərgi &ccedil;ər&ccedil;ivəsində rəssam Haydi Şpeker gənc fotoqraflar &uuml;&ccedil;&uuml;n 25 yanvar tarixində &ldquo;YAY&rdquo; qallereyasında seminar ke&ccedil;irəcəkdir.<br />\r\nSərgi 28 fevral 2014-c&uuml; il tarixindək davam edəcəkdir.</p>\r\n', '', '', '6', null, '1', '/uploads/images/bp_b1ebe.jpg'), ('30', '\" Siz əyləşin, bu işi bilən var!\"', '', '\" Вы сядьте, в этом деле понимают!\"', '<p><strong>- Aleksandr&nbsp; Şarovskiy nə vaxt rejissor olmaq istədiyini başa d&uuml;ş&uuml;b?</strong><br />\r\nRejissor olmaq fikrinə mən uşaqlıqda yox, Gənc Tamaşa&ccedil;ılar Teatrında işləyəndə&nbsp; gəldim.&nbsp; Hətta sonralar başa d&uuml;şd&uuml;m ki, mənim rejissorluq fikirlərim daha dəqiq və daha yenidi. Elə o zamandan bəri&nbsp; &ouml;z&uuml;m&uuml; rejissorluq&nbsp; baxımından inkişaf&nbsp; etdirməyə başladım : bir ne&ccedil;ə yeni rollar toplamağa,&nbsp; &ccedil;ox oxumağa, qısa&nbsp; səhnələrin rəhbərliyinə &hellip;və zamanla aktyorların mənim s&ouml;zlərimə və məsləhətlərimə qulaq asdıqlarını g&ouml;rd&uuml;m. Biz &quot; M&uuml;qəddəs G&uuml;nahkar&quot; tamaşasını oynayanda, mən şeytan rolunu oynayırdım və bu tamaşanın baş rejissoru&nbsp; Konstantin Adamov idi. Tamaşanın məşq zamanında&nbsp; mən oynamaqdan başqa həm də digər aktyorlara məsləhətlərimi&nbsp; bildirirdim. Bu zaman tamaşanın baş aktyoru Mixayıl Lezgişvili, mən tərəfə&nbsp; g&ouml;stərib, Adamova dedi: &quot; Sən otur, bu işi bilən var!&quot;. Tamaşanın afişası hazırlananda K. Adamov&nbsp; teatrın m&uuml;dirinə gəlib, &quot;M&uuml;qəddəs G&uuml;nahkar&quot; tamaşasının rejissoru onun yox, mənim olduğumu bildirdi. Sonda m&uuml;dirimiz &ldquo; Solomon qərarını&rdquo; a&ccedil;ıqladı &ndash; bu tamaşanın rejissorları K. Adamov və A. Şarovskiy oldu. Beləliklə mənim rejissorluq sənətim belə başladı.<br />\r\n<strong>- Sizin aktyor olmaq qərarınıza valdeyinləriniz necə m&uuml;nasibət bildirdilər?</strong><br />\r\nValdeyinlərim &uuml;mumiyətlə məni aktyor kimi g&ouml;rm&uuml;rd&uuml;lər, onlar mənim həkim olmağımı istəyirdilər, amma mən Xarici Dillər Universitetinə qəbul oldum. Atam &ouml;mr&uuml;n&uuml;n axrına kimi məni aktyor olaraq qəbul etmədi. Anam da əvvəlcə sənətimi qəbul etmirdi, amma sonra mən Rus Dram Teatrında işləyəndə, anamın dostları onu yola gətirib, tamaşaya dəvət etdilər. O zaman biz &quot;G&uuml;nbatan&quot; tamaşasını oynayırdıq. Anam birinci sırada oturmuşdu, mən isə səhnədə anama baxaraq, mahnı oxuyurdum. Anam məni eşidəndə, ayağa durub : &ldquo;Baxın o, mənim oğlumdur!&rdquo; Bəlkə də elə bu dəstəyə g&ouml;rə mən Gənc Tamaşa&ccedil;ılar Teatrınada aktyor, 1974 ildən Rus Dram Teartrında baş rejissor ,&nbsp; Azərbaycanın Xalq və Əməkdar artisti olmuşam, &quot;Humay&quot; və &quot;Puşkin&quot; adına layiq g&ouml;r&uuml;lm&uuml;şəm.<br />\r\n<strong>-Sizin &uuml;&ccedil;&uuml;n aktyorluq,yaxud&nbsp; quruluş&ccedil;u rejissorluq ruhunuza daha yaxındır?</strong><br />\r\nMənim səhnə həyatım şəxsi həyatımdan fərgli olaraq, daha uğurlu ke&ccedil;ib. Mən aktyor olmaq istəyirdim &ndash; oldum. Mən b&ouml;y&uuml;k tamaşaların baş rollarını oynamaq istəyirdim &ndash; oynadım. Mən rejissor olmaq istəyirdim -və oldum. Hələ Gənc Tamaşa&ccedil;ılar Teatrında işləyəndə mən aktyorluğu &ccedil;ox sevirdim, amma rejissorluğu tanıyandan sonra, aktyorluq sənəti&nbsp; ikinci plana ke&ccedil;di.<br />\r\n<strong>- Uzun zamandır ki, siz tamaşalarda oynamırdız, bunun səbəbi nədir?</strong><br />\r\nƏsas səbəbi odur ki, mən tamaşada oynasam digər aktyorun rolunu əlindən almış olaram, amma rejissor əksinə,&nbsp; digər aktyorları&nbsp; rollarla təhcizad etməlidir. Elə bu səbəbdən mən uzun zamandır ki, tamaşalarda oynamıram. Amma indi, 20 il sonra, mən &laquo; Maskarad&raquo; tamaşasında oynamağa razılaşdım.<br />\r\n<strong>- Səhnə&nbsp; həyatınızda maraqlı və qeyri- adi məqamlar baş veribmi?</strong><br />\r\n&nbsp; Əlbəttə. Məsələn, biz &ldquo;&Uuml;&ccedil; m&uuml;şketyor&rdquo;&nbsp; tamaşasını oynayırdıq və bu tamaşanın səhnəsində iki hadisə baş vermişdi ki, onlar mənim aktyorluq&nbsp; sənətimin sonu ola bilərdilər. Birinci hadisə&nbsp; odur ki, mən D`Artanyan rolunu oynayırdım və sevgilimin başı &uuml;zərində mahnı oxumalı idim. O zaman mahnının s&ouml;zlərini biz &ouml;z&uuml;m&uuml;z, musiqini is maqnitafon oxuyurdu. &Ccedil;ıxış zamanı mən oxumağa başladım, amma magnitafon musiqini səsləndirmədi. Bu zaman səs rejissorumuz lenti dartıb, onu d&uuml;zəltməyə nail oldu və&nbsp; tamaşa da yaxşı sonluqla&nbsp; bitdi. İkinci hadisə də həmin tamaşada baş vermişdi. Tamaşanın sonunda biz tamaşa&ccedil;ıları salamlamaq &uuml;&ccedil;&uuml;n səhnəyə &ccedil;ıxmaliydıq. Mən isə&nbsp; D`Artanyan olaraq səhnəyə kanatla d&uuml;şməli idim, amma səhnədə mənim ayağım&nbsp; s&uuml;r&uuml;şd&uuml; və mən d&uuml;şd&uuml;m. Amma &ouml;z&uuml;m&uuml; itirməyib, əllərim və ayaqlarımla xa&ccedil; fomasını aldım, və beləliklə tamaşanın sonun xilas etdim.<br />\r\n<strong>- Hansı oynadığınız&nbsp; yaxud&nbsp; y&ouml;nəltdiyiniz&nbsp; əsəri&nbsp; daha &ccedil;ox xoşlayırsız?</strong><br />\r\nMən daha &ccedil;ox birinci baş rolum olan Jadov obrazını sevirəm. Həm&ccedil;inin &ldquo;&Uuml;&ccedil; m&uuml;şketyor&rdquo; da D`Artanyan , &ldquo;Fərhad və Şirin&rdquo; də Fərhad və digər obrazları da xoşlayıram. Eyni ilə rejissorluq etdiyim səhnələrlə&nbsp; bağlı &Ccedil;exovun &ldquo;Qağayı&rdquo; , Şekspirin &ldquo;Kral Lir&rdquo; və digər əsərlərin adlarını deyə bilərəm..<br />\r\n<strong>- Tamaşa&ccedil;ılarınıza nə demək istərdiniz?</strong><br />\r\n&nbsp;Mən bizim&nbsp; tamaşa&ccedil;ılara minnətdarlığımı bildirirəm, &ccedil;&uuml;nki 20 il &ouml;ncə, məni&nbsp; S.Vurğun adına&nbsp; Rus Dram Teatrına&nbsp; baş&nbsp; rejissor&nbsp; kimi fəaliyyətimə başlayanda, onlar məni səhnələrimi dəstəklədilər. Gənclərimiz haqqında&nbsp; isə demək olar ki, onların tamaşalara g&uuml;n &ndash; g&uuml;ndən maraqları artır.&nbsp; Onlar daim cəlb etmək &uuml;&ccedil;&uuml;n biz, rejissorlar&nbsp; yeni və m&uuml;asir tamaşalar qoymalıyıq. Bunun əsas və &ouml;ndə gedən səbəbi isə odur ki, teatr muzey deyil və onu inkişaf etmək lazımdır.<br />\r\n<strong>-&nbsp;Sizin &uuml;&ccedil;&uuml;n &Uuml;mid və İnam nə deməkdir?</strong><br />\r\nMənim &uuml;&ccedil;&uuml;n &uuml;mid və inamdan &ouml;nəmli sevgidir . &Ccedil;&uuml;nki o əbədidir.</p>\r\n\r\n<p>&nbsp;</p>\r\n\r\n<p>Mətn: Qumral Əsgərzadə</p>\r\n\r\n<p>Foto: Aydan Mirzoyeva</p>\r\n\r\n<p>&nbsp;</p>\r\n\r\n<p>&nbsp;</p>\r\n\r\n<p>&nbsp;</p>\r\n\r\n<p>&nbsp;</p>\r\n\r\n<p>&nbsp;</p>\r\n', '', '<p>&nbsp;<strong>-Когда Александр Шаровский понял, что хочет стать режиссёром?</strong><br />\r\nМысль о том чтобы стать режиссером у меня появилась не в детстве, а уже когда я начал работать в ТЮЗ`е. Уже тогда я начал собирать пару приличных ролей и вдруг мне надоело то, что мною&nbsp; командуют и&nbsp; я начал понимать,&nbsp; что мои режиссерские идеи намного точные и более свежие. С этого момента я стал самообразовываться, много читать, ввести&nbsp; маленькие этюды и малые сценки и постепенно так получилось, что во время репетиций в театре, я начал замечать, как&nbsp; актеры&nbsp; начали ко мне прислушиваться. В то время когда мы репетировали спектакль&nbsp; &laquo; Святой Грешник&raquo;, которого&nbsp; ставил Константин Адамов, я играл роль черта и&nbsp; помимо&nbsp; того, чтобы просто&nbsp; играть, я&nbsp; все больше и больше&nbsp; подсказывал вокруг какие-то решения и тогда главный актер спектакля Михаил Михайлович Лезгишвили, указывая на меня,&nbsp; сказал&nbsp; Адамову: &laquo;Ты сядь,&nbsp; в этом деле понимают!&raquo;.&nbsp; И когда, пришло время подготавливать афишу этого спектакля, К. Адамов пришел к директору театра&nbsp; и сказал, что спектакль поставил не он, а Шаровский.&nbsp; Директор вызывает меня и говорит, что есть вот такое заявление, а я отвечаю: &laquo; Ну что вы?!&raquo; И в конце было принято &laquo;Соломоново решение&raquo; - режиссеры спектакля К. Адамов и А. Шаровский: именно так&nbsp; и началась моя карьера режиссера.<br />\r\n<strong>- Как к вашему решению, стать актером, отнеслись родители?</strong><br />\r\nРодители вообще не видели меня как актера, они как многие другие, хотели, чтобы я стал доктором, но я поступил в Университет Иностранных Языков. Отец так и не увидел меня на сцене, он был против моего выбора, а мама, также&nbsp; не приходила на мои выступления, но когда я перешел в Русский&nbsp; Драматический&nbsp; Театр, который пользовался большим интересом среди бакинцев, подруги моей матери уговорили ее пойти. Тогда мы ставили спектакль &laquo;Закат&raquo;&nbsp; и мама сидела вместе с моим братом на первом ряду. В спектакле был момент, когда я должен был спеть песню &laquo; Мамочка скрипка..&raquo; , именно тогда я, встав на колени, начал петь эту песню моей маме и она, со своим сильным еврейским акцентом, сказала: &laquo; Посмотрите это мой сын!&raquo; Именно благодаря этому вскоре&nbsp; я достиг таких высот, как актёр Театра Юного Зрителя, с 1974 года - работа в&nbsp; Русском драматическом театре, главные роли в четырёх спектаклях Рустама Ибрагимбекова&nbsp; и тд. Что же касается премий то, могу сказать, что я Заслуженный артист Азербайджанской республики, Народный артист Азербайджана,&nbsp; обладатель премии &laquo;Хумай&raquo;, медали &laquo;Пушкина&raquo; и многих других наград.<br />\r\n<strong>- Вам по душе быть исполнителем или режиссером - постановщиком?</strong><br />\r\nНадо сказать, что в свое время я настолько с упоением&nbsp; играл, что в моей&nbsp; творческой, в отличии от личной&nbsp; жизни, где было много падений, обид, утрат, любви и расставаний, складывалась все замечательно. Я захотел стать актером &ndash; я им стал. Я захотел играть в центральных ролях больших сцен - я играл. Я захотел стать режиссером &ndash; я им стал.&nbsp; Я хотел стать главным режиссером, и я им также стал. И это, честно говоря, судьба. В свое время я&nbsp; очень любил актерство, но после того, как заразился режиссурой, актерство отошло на второй план.&nbsp;<br />\r\n<strong>- Вы долгое время не выступали на сцене, с чем это связано?</strong><br />\r\nОдна из главных причин этого то, что надо снабжать ролями артистов, потому что когда ты&nbsp; сам играешь, ты невольно отнимаешь чью- то роль. Но сейчас, после почти 20-ти летнего перерыва,&nbsp; я согласился на роль в постановке &laquo; Маскарад&raquo; и тем самым вспомнил свое &laquo;старое ремесло&raquo;.<br />\r\n<strong>- Какой интересный случай произошел в вашей сценической практике, который вы запомнили на всю жизнь?</strong><br />\r\nМы играли спектакль &laquo;Три Мушкетёра&raquo;&nbsp; в ТЮЗе и произошло два случая, которые могли&nbsp; бы сломать мою карьеру. Первый случай это, когда мы на сцене спускаемся по канату, за моей возлюбленной,&nbsp; и я над ее бездыханным телом&nbsp; пою&nbsp; песню, но тогда были только стационарные магнитофоны и поэтому мы пели в живую, а музыка была записана.&nbsp; И вот я дохожу до места,&nbsp; где я пою, но сопровождения музыки нет, я был в ужасе,&nbsp; но продолжал петь. Оказывается, что лента слетела с барабанки магнитофона и звукорежиссёр в ту же секунду, схватил и потянул&nbsp; пленку, и потому музыка вновь заиграла, а так&nbsp; как я продолжал петь, я с точностью до секунды словами песни&nbsp; попал в такт с музыкой. Другой случай, в этом же спектакле,&nbsp; заключался в том, что мы выходили на поклон по разному, поэтому&nbsp;&nbsp; придумали,&nbsp; что Д&rsquo;Артаньян&nbsp; будет&nbsp; спускаться на поклон зрителям по канату. Но когда я начал спускаться, поскользнулся. Значит, я лечу и именно в&nbsp; момент &laquo; приземления&raquo; я, раздвинув руки,&nbsp; принял форму креста. Тем самым спас концовку спектакля, который сопровождался громкими аплодисментами зрителей.<br />\r\n<strong>- Какое произведение , которое вы поставили или играли, вам больше всего нравится?</strong><br />\r\nРоль, которой я восхищался - это моя первая главная роль, Жадова. Хотя я играл и чудовищно в то время, но эта роль была&nbsp; для меня незабываемой. Потом также были и Д&rsquo;Артаньян в &laquo;Три мушкетера&raquo;, Фархад&nbsp; в&nbsp; &laquo;Фархад и Ширин&raquo; и&nbsp; много других ролей.&nbsp; А сейчас&nbsp; роль Арбенина&nbsp; &laquo; убийца своей жены&raquo;. Что касается же спектаклей, это чеховская &laquo;Чайка&raquo;, &laquo;Король Лир&raquo; и многие другие. Но для меня больше всего важны те спектакли, которые я пишу сегодня, потому что в нашем деле нельзя жить прошлым.<br />\r\n<strong>- Что вы хотите сказать вашей публике?</strong><br />\r\nЯ очень благодарен публике, потому что&nbsp; я принял театр в те годы, когда публика уехала, это было 20 лет тому назад. Именно в этот момент П. Бюльбюльоглы назначает меня главным режиссером&nbsp;&nbsp; Русского Драматического Театра им. Самеда Вургуна. А о молодежи я могу сказать, что театр любит только та молодежь, которая в нем работает. Однако сегодня меня радует то,&nbsp; что интерес молодежи к театру возрастает.&nbsp; Для того, чтобы&nbsp; не только у молодежи, но и у других,&nbsp; также возрос интерес к театру нужно ставить&nbsp; его сегодняшним днем. И главная причина этого то, что театр это не музей.<br />\r\n<strong>- Что для вас означает вера и надежда?</strong><br />\r\n&nbsp;Для меня самое главное не вера и надежда, а любовь. Потому, что вера вещь шаткая, надежда может не оправдаться, а вот любовь -&nbsp; состояние&nbsp; вечное.</p>\r\n\r\n<p>&nbsp;</p>\r\n\r\n<p>Текст: Гумрал Аскерзаде</p>\r\n\r\n<p>Фото: Айдан Мирзоева</p>\r\n\r\n<p>&nbsp;</p>\r\n\r\n<p>&nbsp;</p>\r\n', '3', null, '1', '/uploads/images/bp_8b1e8.JPG');
INSERT INTO `Content` VALUES ('31', '\"Görmək üçün istəmək kifayyətdir\"', '', '\"Для того, чтобы увидеть достаточно захотеть\"', '<p><strong>-Uşağlığınız necə kecib və digər insanlarla m&uuml;nasibətiniz necə idi?</strong><br />\r\n&nbsp;Uşaqlığım &ccedil;ox yaxşı ke&ccedil;ib, buna g&ouml;rə də valideynlərimə təşəkk&uuml;r edirəm, amma&nbsp; təəs&uuml;f ki, bu m&uuml;nasibətlər yalnız ailə i&ccedil;ində olub. İnsan b&ouml;y&uuml;d&uuml;kcə həyatda olan reallıqlarla qarşılaşır, əsasən də bizim cəmiyyətdə. Əgər sizin bir sağlamlıq probleminiz və yaxud adi maliyyə və psixoloji probleminiz varsa, bu halda bizim cəmiyyət sizə &uuml;stdən aşağı baxaraq tənqid etməyə başlayır. Mən Bakı şəhərində anadan olub və burada b&ouml;y&uuml;m&uuml;şəm. Məktəb illərim digər uşaqlarda olduğu kimi sadə ke&ccedil;məyib. Adi orta məktəblər məni gəbul etmirdilər və bunun səbəbini isə mənim zəif g&ouml;rməyim və belə uşaqları oxutmaq &uuml;&ccedil;&uuml;n vəsait olmadığını əsas gətirirdilər. Onlar məni x&uuml;susi məktəbə yerləşdirməyi məsləhət g&ouml;rd&uuml;lər, amma bu fikirlə valdeyinlərim razılaşmadılar. Nəticədə mən adi orta məktəbdə oxuyub, fərqlənmə ilə bitirdim. Mənim adi orta məktəbdə oxumağımın m&uuml;sbət tərəfləri &ccedil;ox idi. Ən vacibi odur ki, mən sağlam uşaqların arasında olanda &ouml;z&uuml;m&uuml; də sağlam insan kimi hiss edirdim.<br />\r\n<strong>-Sizin fiziki məhdydiyyət, daha doğrusu, zəif g&ouml;rməyiniz nə ilə əlagəlidir?</strong><br />\r\nMənim bu əngəlim anadan gəlmədir. Sağ g&ouml;z&uuml;m tamamilə g&ouml;rm&uuml;r, sol g&ouml;z&uuml;m isə 10% gor&uuml;r. Buna hər hansı bir gəza səbəb deyil. Mənim anam və atam tamamilə sağlamdırlar.<br />\r\nBizim cəmiyyətin fiziki məhdudiyyətli insanlara olan m&uuml;nasibətini necə qiymətləndirirsiz?<br />\r\nBizim cəmiyyətin fiziki məhdudiyyətli insanlarla &uuml;nsiyyəti demək olar ki, formalaşmayıb. Mən d&uuml;ş&uuml;n&uuml;rəm ki, əgər&nbsp; mənim kimi insanlara tam şərait yaradılsa, biz &ccedil;ox y&uuml;ksək nəticələrə nail ola bilərik. Mən &ouml;z&uuml;mə bir sual verirdim: &ldquo;Niyə bu cəmiyyət fiziki məhdudiyyətli insanlara mənfi hisslər bəsləyir?&rdquo; Yalnız bir ne&ccedil;ə il sonra başa d&uuml;şd&uuml;m ki, bunun səbəbi cəmiyyətdə h&ouml;km s&uuml;rən steriotiplərdədir. Onlar isə savadsızlığdan və informasiya qıtlığından irəli gəlir. Bu problemin səbəbkarı yalnız cəmiyyət deyil, həm də fiziki məhdudiyyətli insanların &ouml;zləridir, &ccedil;&uuml;nki onlar həyatı aktiv yaşamaqdan, vəziyyətlərinin təbliğatından və problemlərini izah etməkdən &ccedil;əkinirlər. Mənim fikirimcə biz &ouml;z g&uuml;c&uuml;m&uuml;zə inanıb irəli getməliyik!<br />\r\n<strong>-Həyatınızın məhz belə olması nə vaxtsa sizi d&uuml;ş&uuml;nd&uuml;r&uuml;bm&uuml;?</strong><br />\r\nBu sualı hər kəs məktəb illərində və ya universitetə gəbul olduqda &ouml;z&uuml;nə sual verir: niyə məhz belə? Lakin zaman ke&ccedil;dikcə insan başa d&uuml;ş&uuml;r ki, &ouml;z həyatını digər həyatlarla m&uuml;qayisə etməlidir. Həyatda &ccedil;ox hadisələrə şahid olmuşam və Allaha ş&uuml;k&uuml;r edirəm ki, mən Azərbaycanda yaşayıram, &ccedil;&uuml;nki burada ən azından həyat ehtiyaclarım tamamilə odənilir. Mən &ouml;z &ccedil;ətin həyatımı , məsələn, Somalidə yaşayan, aclıqdan və susuzluqdan əziyyət &ccedil;əkən insanların həyatı ilə m&uuml;qayisə etdikdə,&nbsp; vəziyyətimdən narazı qala bilmirəm.<br />\r\n<strong>-&Ouml;z m&uuml;barizə yolunuzda nəyə nail olmusunuz?</strong><br />\r\nMən b&uuml;t&uuml;n &ccedil;ətinliklərə baxmayaraq, orta məktəbi bitirib, Bakı D&ouml;vlət Universitetinin h&uuml;quq fak&uuml;ltəsinə qəbul oldum. Orada oxumaqla yanaşı 1 il ABŞ-ın Cənubi Verjiniya universitetində təhsil aldım. BDU-ni bitirdikdən sonra təhsilimi davam etdirmək &uuml;&ccedil;&uuml;n İngiltərənin Kembridj universitetinə gəbul oldum. Oxumaq əlbəttə &ccedil;ətin idi: bir həftə ərzində 2000-dən &ccedil;ox səhifə qulaq asmaq lazım idi. Amma ən vacibi odur ki, həm Kembridj, həm də digər xarici universitetlərdə mənim kimi tələbələrə oxumaq &uuml;&ccedil;&uuml;n b&uuml;t&uuml;n şəraitlər yaradılır. Sonra mən Oksford universitetinin&nbsp; h&uuml;quqi b&ouml;lməsində fəlsəfə &uuml;zrə maqistr pilləsini bitirdim. Azərbaycana gəldikdə, bir vaxt &ouml;z&uuml;mə uyğun iş tapa bilmirdim, amma sonralar British Petroleum-un h&uuml;quq bolməsində işləməyə başladım. 9 ay burada &ccedil;alışdıqdan sonra mən yenə də təhsilimi m&uuml;kəmməlləşdirmək &uuml;&ccedil;&uuml;n Nyu Yorkda yerləşən Kolumbiya universitetinə gəbul oldum. Burada 5 ay investisiya şirkətində h&uuml;quqş&uuml;nas işlədim, sonra isə yenidən Azərbaycana gəldim. İndi mən Azərbaycan Diplomatik Akademiyasınında &ldquo;Fiziki məhdudiyyətli insanlar&rdquo; ş&ouml;bəsinə rəhbərlik edirəm, h&uuml;quq və biznes fənlərindən dərs deyirəm. Həm&ccedil;inin 2013 ildən BDU-də dəniz h&uuml;ququ fənnini tədris edirəm.<br />\r\nSiz qeyd etdiniz ki əlillərlə bağlı olan ş&ouml;bəyə rəhbərlik edirsiniz, bu ş&ouml;bənin əsas məqsədi nədən ibarətdir?<br />\r\nBizim əsas məqsədimiz fiziki məhdudiyyətli insanlar &uuml;&ccedil;&uuml;n tam şərait yaratmaqdır. Yalnız tələbələrə yox, həm də m&uuml;əllimlərə, m&uuml;təxəssislərə, xarici tələbələrə bizim tədris sisteminə inteqrasiya etməyə, oxumağa və işləməyə yardım etməkdir. Biz x&uuml;susi kitabxanalar, veb-saytlar, x&uuml;susi tərtibatlı laboratoriyalar yaradırıq ki, əlil şəxslər kompyuter proqramlarından istifadə etsinlər. Ş&ouml;bəmizin ikinci məqsədi fiziki məhdudiyyətli həm tələbələrin, həm də m&uuml;əllimlərin universitet səviyyəsində h&uuml;quqlarını qorumağı və cəmiyyətə inteqrasiyasında k&ouml;mək&ccedil;i vasitə olmaqdır. &Uuml;&ccedil;&uuml;ncu məqsədi isə bu c&uuml;r suallarla bağlı ADA-nı beynalxalq arenada təmsil etməkdir.<br />\r\n<strong>-Sizin &uuml;&ccedil;&uuml;m inam və &uuml;mid nə deməkdir?</strong><br />\r\nMən Allaha inanıram və yalnız Ona &uuml;mid edirəm. Və əlbəttə ki,mən &ouml;z&uuml;mə və &ouml;z g&uuml;c&uuml;mə inanıram. Mən d&uuml;ş&uuml;n&uuml;rəm ki, əgər bir insan fiziki məhdudiyyətlidirsə o, təslim olmamalı, əksinə m&uuml;barizə etməli, həm &ouml;z&uuml;nə, həm də digər əlillərə qol-qanad olmalıdır.</p>\r\n\r\n<p>&nbsp;</p>\r\n\r\n<p>Mətn: Qumral Əsgərzadə</p>\r\n\r\n<p>Foto: Aydan Mirzoyeva</p>\r\n\r\n<p>&nbsp;</p>\r\n\r\n<p><br />\r\n&nbsp;</p>\r\n\r\n<p>&nbsp;\r\n<p>&nbsp;</p>\r\n</p>\r\n', '', '<p>&nbsp; <strong>- Как прошло детство Эльнура Эйвазова , какие у&nbsp;него были отношения с окружающими людьми?</strong><br />\r\n&nbsp;&nbsp;&nbsp;Детство у меня прошло хорошо, я&nbsp; очень благодарен своим родителям за это, но это было только&nbsp; в&nbsp; пределах&nbsp; семьи. Естественно когда человек взрослеет, он сталкивается с реальностями жизни, особенно в этом обществе. Когда&nbsp; у тебя есть какие-то проблемы со здоровьем или даже если у тебя&nbsp; финансовая или психологическая проблема - то это общество смотрит на тебя немного сверху вниз, не зная причин и оснований, оно осуждает&nbsp; тебя. Вырос&nbsp; я здесь, в Баку. Школьные годы были не такими простыми, как у обычных детей, потому что обычные&nbsp; школы меня не принимали, а причиной они выдвигали то, что у меня ограниченное зрение и у них нет данных условий, чтобы обучать таких детей. Они предлагали моим родителям,&nbsp; чтобы я обучался в специализированной школе, но мои родители были против такого подхода и добились того, что я смог проучиться&nbsp; и окончить&nbsp; обычную школу, и это было&nbsp; большим плюсом для меня. Учась среди людей, у которых нет физических проблем,&nbsp; ты как бы чувствуешь себя&nbsp; такими же как они. Но вместе с тем и есть определенные недостатки в качестве образования&nbsp; и в их&nbsp; условиях. Я старался не отставать от своих сверстников и можно сказать хорошо закончил школу.<br />\r\n<strong>- В чем причина вашего ограниченного зрения?</strong><br />\r\nЯ родился с ограниченным зрением , можно сказать что больше 90% зрения у меня отсутствует. Правый глаз практически не видит, но в левом глазу около 10% зрения осталось. Это не последствия какой- либо травмы.<br />\r\n&nbsp;<strong>&nbsp;- Как вы оцениваете отношение&nbsp; нашего общества&nbsp; к людям с физическими ограничениями?</strong><br />\r\nНаше общество не подготовлено&nbsp; и&nbsp; можно сказать&nbsp; даже не знает как относиться к людям с ограниченным зрением или слухом, или с проблемами передвижения. Я считаю, что если таким людям как я, с ограниченными физическими возможностями,&nbsp; создать все условия&nbsp; то они бы могли достичь высоких результатов. Я всегда задавал себе вопрос : Почему наше общество такое зло по отношению к таким вопросам? И только через определенное время я понял,&nbsp; что причина&nbsp; в стереотипах, господствующие в обществе, а это все вытекает из - за отсутствия знаний и информации. Но со временем я понял, что это не только вина общества, но и вина людей с физическими ограничениями, так как они не выходят в общество, не&nbsp; пропагандируют&nbsp; свою ситуацию и не объясняют свои проблемы.&nbsp; Я&nbsp; думаю, что, наоборот,&nbsp; мы не должны сидеть на месте, а бороться, найти в себе силы идти вперед.<br />\r\n&nbsp;<strong> -Вы когда &ndash; либо задумывались, почему все в вашей жизни произошло именно так, а не по-другому?</strong><br />\r\nЭтот вопрос человек задает себе еще в школьные годы или при поступлении в университет , что &laquo;почему именно я?&raquo;, но со временем, когда&nbsp; человек взрослеет, он начинает сравнивать свою жизнь с&nbsp; жизнью других. Я много чего поведал в жизни и хочу сказать спасибо Всевышнему, что у мы живем в Азербайджане, что мы не нуждаемся&nbsp; в пропитании или в других жизненных потребностях.&nbsp; Я считаю, что как бы тяжело мне не было,&nbsp; по сравнению с той же Сомали, где люди умирают с голоду,&nbsp; где на руках у матери умирают&nbsp; ее&nbsp; дети, я не могу жаловаться. Именно&nbsp; поэтому всегда надо&nbsp; сравнивать свою ситуацию с ситуациями&nbsp; других людей.<br />\r\n&nbsp;&nbsp;&nbsp;&nbsp;<strong> -Какой путь прошли вы в борьбе со&nbsp; своим физическим ограничением ?</strong><br />\r\n&nbsp; Я с отличием&nbsp; окончил, как упомянул я&nbsp; и раньше, обычную, не специализированную&nbsp;&nbsp; школу, затем поступил на юридический факультет&nbsp; Бакинского&nbsp; Государственного Университета,&nbsp; и также окончил его с отличием. Но на этом я не остановился&nbsp; и продолжил обучение в&nbsp; Англии. Поступил в Кембриджский университет и получил степень магистра по международному праву. Также учась в БГУ, я получил стипендию от Госдепартамента&nbsp; США и&nbsp; проучился один год в&nbsp; университете Южной Вирджинии.&nbsp; Конечно,&nbsp; учиться было тяжело, в неделю мне приходилось слушать около 2000 страниц , но для этого и в Англии и в США создавались все условия. Самое главное&nbsp; и в Кембридж ,и в университете Южной Вирджинии&nbsp; и многие другие университеты&nbsp; дают студентам с ограниченными физическими возможностями шанс, и дают они его не за то, что они не такие&nbsp; как все, а именно за их&nbsp; профессиональные и академические знания. Затем я поступил&nbsp; в Оксфордский университет на степень магистра философа по юридической части, изучал правовые финансы. После возвращения в Азербайджан, я долгое время не мог найти подходящею&nbsp; для себя работу, однако через определенное время начал работать в юридическом отделе British Petroleum. После 9 месяцев работы, я вновь отправился&nbsp; за границу, продолжать&nbsp; свою учебу в Колумбийском университете&nbsp; в Нью- Йорке, и закончил также его с отличием, и остался работать там около 5 месяцев в инвестиционной компании.&nbsp; Сейчас же я работаю в Азербайджанской&nbsp; Дипломатической Академии,&nbsp; возглавляю отдел по работе с людьми с ограниченными возможностями, а также преподаю&nbsp; бизнес и право. Также с 2013 года преподаю и в Бакинском Государственно Университете морское право, которая&nbsp; разработана&nbsp; вместе с американскими специалистами.<br />\r\n&nbsp; <strong>-Вы&nbsp; отметили, что возглавляете&nbsp; отдел по работе с инвалидами, каковы его цели и действия?</strong><br />\r\nЦель нашего&nbsp; отдела это&nbsp; создать условия&nbsp; для лиц с ограниченными физическими возможностями, не только для студентов, но и для преподавателей, специалистов , работников,&nbsp; иностранных студентов, которые сюда приезжают, чтобы они могли спокойно интегрировать в нашу образовательную систему, работать и&nbsp; учиться. Для этого мы создаем специальные библиотеки, веб - сайты, специальную&nbsp; техническую&nbsp; лабораторию, которые позволят&nbsp; людям с ограниченными физическими&nbsp; возможностями&nbsp; использовать&nbsp; компьютерные программы. Мы стараемся помочь им интегрировать в наше общество, чтобы они не чувствовали, что у них есть некоторые недостатки.&nbsp; Второй аспект нашего отдела это защита прав таких студентов и преподавателей на университетском уровне. Третья сторона этого отдела это представление&nbsp; интересов Азербайджанской&nbsp; Дипломатической Академии, на региональном и международном уровне, в отношении&nbsp; данных вопросов.<br />\r\n&nbsp; <strong>-Что для вас значит вера и надежда?</strong><br />\r\nЯ очень сильно верую в Бога, надеюсь&nbsp; на него и боюсь только Его.&nbsp; Да, конечно я&nbsp; верю в свои силы , но на&nbsp; жизнь нужно смотреть реально, если человек&nbsp; плохо видит или плохо слышит&nbsp; не надо отрицать этот&nbsp; факт, необходимо принять его, не надо от него убегать. Но я думаю это&nbsp; не означает, что надо сдаваться,&nbsp; а наоборот нужно бороться и заниматься самообразованием, чтобы помочь как себе, так и людям таким же как и ты.</p>\r\n\r\n<p>&nbsp;</p>\r\n\r\n<p>Текст: Гумрал Аскерзаде</p>\r\n\r\n<p>Фото: Айдан Мирзоева.</p>\r\n\r\n<p>&nbsp;</p>\r\n\r\n<p>&nbsp;</p>\r\n\r\n<p>&nbsp;</p>\r\n', '4', null, '1', '/uploads/images/bp_06d78.JPG'), ('32', 'İncəsənətə bürünmüş...', '', 'Окутанная творчеством...', '<p>&nbsp; -&nbsp;<strong>Sizin hərtərəfli maraqlı insan olduğunuzu hamı bilir. &Ouml;z yaradıcılığınız fəaliyyəti haqqında məlumat verin.</strong><br />\r\n&nbsp;Musiqi ilə mən uşaqlıq illərindən maraqlanıram. 5 yaşımdan B&uuml;lb&uuml;l adına musiqi məktəbində , sonra isə Musiqi Akademiyasında 6 il, maqistratura pilləsi ilə bərabər, təhsil almışam. Akademiyanı bitirib, 4 il fortepiano m&uuml;əlliməsi işləmişəm, amma o vaxtdan anladım ki, m&uuml;əllimlik mənim &uuml;&ccedil;&uuml;n deyil. Mənə m&uuml;siqini bəstələmək və ifa etmək daha maraqlıdır. Həm&ccedil;inin, məktəb illərində, mən &quot;Səyyah&quot; ansablında 7 il &ccedil;ıxış etmişəm. 10 yaşımdan isə mən şeir yazmağa başladım və necə başladığım da yadımdadır: O g&uuml;n y&uuml;ksək qızdırmam var idi və mən əlimə sadəcə gələm alıb, şeir yazmağa başladım. Və 3 şeir yarandı: birincisi- dəniz, ikincisi- ay və &uuml;&ccedil;&uuml;nc&uuml;s&uuml; isə təbiyyət haqqında idi. Hesab edirəm ki, musiqi, yazı&ccedil;ılıq, rəssamlıq bə digər incəsənət n&ouml;vləri bir-biri ilə bağlıdırlar və əgər mənim musiqiyə marağım olmasaydı, şeirləri də yaza bilməzdim.<br />\r\n&nbsp;<strong> - Hisslərinizi musiqi ilə yoxsa şeirlə daha yaxşı ifadə edirsiniz?</strong><br />\r\nBu suala dəqiq cavab vermək &ccedil;ətin olacaq, &ccedil;&uuml;nki hər birinin &ouml;z fərgli məqamları var. Mən m&uuml;siqi əsərini ifa edəndə hisslərimə &ccedil;ox &ouml;nəm verirəm. Şeirlərə gəldikdə isə, deyə bilərəm ki, şeirlərimi oxumağa xoşlamıram, məncə onları&nbsp; peşakar oxusa daha parlaq və g&ouml;zəl olar. Onu da qeyd etmək istəyirəm ki, mahnı &uuml;&ccedil;&uuml;n s&ouml;z yazmaq &ccedil;ox cətin işdir, &ccedil;&uuml;nki m&uuml;siqini eşitmədən s&ouml;zləri yazmaq olmur. Məsələn, mən &quot; Day after day&quot; mahnısını yazanda hisslərimə və &uuml;rəyimin səsinə qulaq asırdım. Bu mahnıda mən həyata olan baxışlarımı, sevinc, sevgi və yaşam barədə fikirlərimi əks etdirmişəm.<br />\r\n&nbsp; <strong>-&nbsp;İncəsənət aləmində &ouml;z&uuml;n&uuml;z&uuml; başqa hansl sahədə g&ouml;r&uuml;rs&uuml;z?</strong><br />\r\nMusiqi və ədəbiyyətla yanaşı , rəssamlığa b&ouml;y&uuml;k marağım var, amma bu sənətlə məşğul olmağa gec başlamışam və onu da deyim ki, mən &ouml;z&uuml;m&uuml; rəssam kimi g&ouml;rm&uuml;rəm. Bəlkə də gələcəkdə mən rassamlıqla bağlı təhsi aldım, amma bu g&uuml;ndə bu mənim &uuml;&ccedil;&uuml;n sadəcə bir hobbidir.<br />\r\n&nbsp; <strong>-Siz həm&ccedil;inin &quot;OK&quot; jurnalının baş redaktorusunuz. Bu işinizlə bağlı nə demək istərdiniz?</strong><br />\r\nMən jurnalistika ilə &ccedil;ox maraqlanmışam, hətta orta məktəbi bitirəndə bu fak&uuml;ltəyə gəbul olmaq istəyirdim, amma valdeyinlərim məni m&uuml;siqi sahəsinə y&ouml;nəltdilər. Buna baxmayaraq, mənim jurnalistikaya olan həvəsin t&uuml;kənmədi, bir ne&ccedil;ə məqalələrim &quot;Şərq&quot; qəzetində &ccedil;ap olundu. Sonra mən jurnalın baş redactor vəzifəsinə təklif aldım və bu təklifi də gəbul etdim. Jurnalımızda &quot;Redaktorun məktubu&quot; adlı b&ouml;lmə var ki, orada mən ouxucularıma m&uuml;raciət edirəm. &quot;OK&quot; jurnalın istiqaməti şou-bizneslə bərabər, b&uuml;t&uuml;n n&ouml;v incəsənət xəbərlərini, fotolarını və m&uuml;xtəlif intervyuları işıqlandırmaqdır.<br />\r\n&nbsp; <strong>- &quot;Eurovision&quot; və &quot;B&ouml;y&uuml;k səhnə&quot;&nbsp; layihələri ...</strong><br />\r\n&ldquo; Eurovision&rdquo; layihəsi ilə mən birinci ildən, dəqiq desək 2007 ildən, &ccedil;alışıram və bizim iş&ccedil;i komandamızın əsas məqsədi yeni, parlaq və qabiliyyətli istedadları tapıb m&uuml;sabigəyə hazırlamaqdır. Mən, musiqi koordinatoru kimi, əsasən iştirak&ccedil;ıların se&ccedil;ilməsində və onlarla birgə səfərlərdə iştirak edirəm. &quot;B&ouml;y&uuml;k səhnə&quot; layihəsinə gəldikdə isə,&nbsp; bu layihə ke&ccedil;ən ildən başlayıb və mən musiqi redaktorları ilə birgə iştirak&ccedil;ıların se&ccedil;ilməsində, m&uuml;nsiflər heyətinin siyahısını hazırlanmasında və s. iştirak edirəm.<br />\r\n&nbsp;- <strong>Fəaliyyətinizlə bağlı gələcək planlarınız nədir?</strong><br />\r\nMən yeni şeir kitabını &ccedil;ap etmək istəyirəm və bu da mənim ikinci kitabım olacaq. 2011 ildə &quot; Hadisələrin sonsuzluğu&quot; adında kitabım &ccedil;ap olduğundan sonra mən&nbsp; Yazı&ccedil;ılar İttifaqının &uuml;zv&uuml; və Prezident təqa&uuml;d&ccedil;&uuml;s&uuml; olmuşam. Bu ilin mart ayında Moskvada ke&ccedil;irilmiş &ldquo;İlin Yazı&ccedil;ısı&rdquo; m&uuml;sabigəsinə dəvət alıb iştirak etmişəm.<br />\r\n<strong>&nbsp;- Sizin &uuml;&ccedil;&uuml;n İnam və &Uuml;mid nədir?</strong><br />\r\nİnam həyatın əsas &quot;m&uuml;hərrikidir&quot;. Mən həyatda yaxşılığa, sevgiyə, yaxşı və doğru fikirlərə, insanlara inanıram. İnam və &uuml;mid anlayışları yaxın əlaqədədilər, &ccedil;&uuml;nki nəyə inanırsansa ona da &uuml;mid edirsən. Mən &uuml;mid edirəm ki, mənim şeirlərim insanlara təsir edib, onları doğru yola istiqamətləndirəcək.</p>\r\n\r\n<p>&nbsp;</p>\r\n\r\n<p>Mətn: Qumral Əsgərzadə</p>\r\n\r\n<p>&nbsp;</p>\r\n\r\n<p><br />\r\n&nbsp;</p>\r\n', '', '<p>&nbsp;<strong> - Мы все знаем какой вы разносторонний человек&nbsp; и хотели бы поближе познакомиться с вашей деятельностью.</strong><br />\r\nМузыкой я начала заниматься еще с детских времен. Так в 5 лет я поступила в музыкальную школу имени Бюльбюля,&nbsp; затем в Музыкальную Академию и проучилась там 6 лет, вместе с магистратурой.&nbsp; После я преподавала 4 года в училище, работала педагогом, но тогда я поняла, что педагогическая деятельность не для меня, что мне больше хочется&nbsp; самой творить, нежели обучать.&nbsp; Также во время обучения в школе,я&nbsp; 7 лет&nbsp; выступала в ансамбле &laquo; Сяйах&raquo;,&nbsp; музыкальной частью которой занималась Лала Умид. У нас были гастроли за границей и многочисленные концерты&nbsp; во Дворце им. Гейдара Алиева. С 10 лет же я начала писать стихи и даже точно помню,&nbsp; как это зародилось. У меня была сильная температура, я просто взяла в руки тетрадь и за один день написала три стихотворения: первый - о море, второй &ndash; о луне и третий также был о природе. Конечно, я считаю, что все направления искусства&nbsp; взаимосвязаны друг с другом и если бы я не занималась музыкой, может быть&nbsp; и мои стихи были бы совсем другого плана.<br />\r\n<strong>&nbsp;- Вам легче проявлять свои чувства через музыку или стихи?</strong><br />\r\nСложно сказать точно, потому, что музыку я не пишу, хотя и писала раньше. С другой стороны,&nbsp; в игре я стараюсь вложить всю душу&nbsp; в это произведение. Что же касается стихов, могу сказать, что&nbsp; не люблю&nbsp; читать свои&nbsp; стихи, если их прочитает&nbsp; актер это будет намного интереснее. Именно поэтому я считаю,&nbsp; что музыка и поэзия - это разные виды проявления чувств. Когда же&nbsp; я пишу слова к песне, это также&nbsp; является другим чувством, потому что, чувствуя музыку,&nbsp; появляется именно та картина, которую ты хочешь передать словами. К примеру, в словах&nbsp; к песне &laquo;Day after day&raquo; я вложила всю свою душу и&nbsp; свои мысли о жизни.<br />\r\n&nbsp;<strong> - Каким направлением творчества&nbsp; вы еще интересуетесь?</strong><br />\r\nРисованием. Правда, рисовать&nbsp; я стала гораздо позже, но честно говоря, я не считаю себя великим талантом в этой области,&nbsp; просто, когда мне хочется, я рисую. Может в будущем, я начну увлекаться этим на высоком уровне,&nbsp; но сейчас&nbsp; рисование для меня это хобби.<br />\r\n<strong>&nbsp;- Вы также и редактор журнала &laquo;ОК&raquo;, как бы вы описали свою деятельность там?</strong><br />\r\nМне всегда была интересна журналистика.&nbsp; Когда я окончила школу, я хотела поступить на факультет журналистики,&nbsp; но родители меня переубедили, что мне надо выбрать музыкальную деятельность. Я выбрала музыку, но при этом писала статьи, которые печатались&nbsp; в газете &laquo;Шерг&raquo;. Вскоре, когда мне предложили стать редактором журнала,&nbsp; я сразу же согласилась. В основном я проверяю статьи,&nbsp; которые будут издаваться в последующих номерах журнала, но и сама также пишу. В нашем журнале есть своеобразная рубрика Письмо редактора, в котором&nbsp; я обращаюсь&nbsp; к своим читателям. Общий характер журнала &laquo;ОК&raquo;&nbsp; это, можно сказать, папарационный,&nbsp; здесь публикуются&nbsp; статьи, интервью и фото представителей шоу &ndash; бизнеса, но интересы печати журнала на этом не останавливается, наша цель - охватить&nbsp; большой круг творческой деятельности знаменитостей.<br />\r\n-<strong>&nbsp;Проекты &laquo;Евровидение&raquo; и&nbsp; &laquo;Большая сцена&raquo; &hellip;</strong><br />\r\nПроектом Евровидения я занималась с первого года, если быть точнее с 2007 года. Я, как музыкальный&nbsp; координатор проекта&nbsp; в основном участвую при выборе таланта, при его подготовке, а также вместе с ним отправляюсь на конкурс. Что же касается проекта &laquo;Большая сцена&raquo;, он действует с прошлого года, где я вместе с музыкальным продюсером&nbsp; выбираем талантливых ребят, я также составляю&nbsp; список жюри в проекте и многое другое.<br />\r\n&nbsp;<strong>- Какие у вас планы на будущее в своей творческой деятельности?</strong><br />\r\nЯ планирую выпустить новую книгу, новый сборник стихов. После опубликования в 2011 году первой книги &laquo; За бесконечностью явлений&raquo; я стала членом&nbsp; Союза Писателей и Президентским&nbsp; стипендиатом&nbsp; по этому направлению. В марте этого года я участвовала&nbsp; на конкурсе &laquo;Поэт Года&raquo;, которая проходила в Москве, куда была приглашена как номинант.<br />\r\n<strong>- Ваша организаторская деятельность, в чем ее история?</strong><br />\r\nЯ около 5 лет занималась организацией концертов в Баку. У меня вместе с друзьями была организация &laquo;Tonica production&raquo;, которая организовала концерты группы Akcent ,&nbsp; Келли Роуланда, Тимати,&nbsp; Бумбокса и многих других. А сейчас я занимаюсь пиаром концертов в &laquo;Кристалл Холе&raquo;. Я думаю, что &laquo;Кристалл Холе&raquo; принесёт огромный вклад в культурную и молодежную жизнь города. Здесь проводятся и выставки, и концерты отдельных исполнителей или групп.<br />\r\n<strong>&nbsp;- Что для вас значит Вера и Надежда?</strong><br />\r\nВера это важный двигатель в жизни. Я верю во всё хорошее, в хорошие чувства, в то, что в каждом человеке, хотя и в глубине, но есть что-то доброе, в&nbsp; то, что хочу верить. Вера и надежда на самом деле очень близкие понятия, потому что когда ты веришь, ты одновременно и надеешься. А надеюсь я на то, что&nbsp; мои стихи повлияют на людей и помогут им ощутить все хорошее, что нас окружает.</p>\r\n\r\n<p>&nbsp;</p>\r\n\r\n<p>Текст: Гумрал Аскерзаде<br />\r\n&nbsp;</p>\r\n', '3', null, '1', '/uploads/images/bp_0f86d.jpg'), ('34', 'Zinyət Vəliyeva: \"Mən çox güclü insanam...\"', '', 'Зинят Велиева: \" Я очень сильный человек...\"', '<p>&nbsp; <strong>- &Ouml;z həyat hekayənizi&nbsp; bizlərə b&ouml;l&uuml;şərdiniz..</strong><br />\r\n&nbsp; Mən , Şəmkir rayonunda anadan olmuşam və 16 yaşında orta məktəbin son zənginə&nbsp;&nbsp;iki ay qalmış,&nbsp; stressdən onurğa s&uuml;tununda insult&nbsp; xəstəliyinə tutuldum. Bu da mənim &uuml;&ccedil;&uuml;n &ccedil;ox ağır idi. B&uuml;t&uuml;n gənclik xəyallarım he&ccedil;ə d&ouml;nd&uuml; və mən yaşamaq və arzularıma &ccedil;atmaq &uuml;&ccedil;&uuml;n həyatda m&uuml;barizə aparmağa başladım. Sağlam həyatdan bu yeni həyatda ucu-bucağı g&ouml;r&uuml;nməyən səhifəyə ke&ccedil;məyim &ccedil;ox &ccedil;ətin və ağır oldu. İndi arxaya baxıb d&uuml;ş&uuml;n&uuml;rəm ki, mən &ccedil;ox g&uuml;cl&uuml; insanam. 1991ci&nbsp; ildə mən Şəmkirdən Bakı&nbsp; şəhərinə gəlib, Neft Akademiyasının nəznində a&ccedil;ılmış əlillər &uuml;&ccedil;&uuml;n ş&ouml;bəyə gəbul oldum,<br />\r\n<strong>&nbsp;-&nbsp;M&uuml;barizə yolunuzda nəyə nail olmusuz?</strong><br />\r\n&nbsp;&nbsp; 1997-ci ildə mən və dostlarım&nbsp; Əlil Qadınlar Cəmiyyətini yaratdıq.&nbsp; Hal-hazırda bu cəmiyyət &ouml;z fəaliyyətini davam etdirir: əlil qadınların əl işlərini &uuml;zə cıxardır,&nbsp; onların sosial və tibb problemlərini tam olmasa da həll etməyə &ccedil;alışır. Bununla bərabər mən fərgli treninglərdə k&ouml;n&uuml;ll&uuml; olaraq &ccedil;ıxış etmişəm və burada&nbsp; &ouml;z həyatımın hekayəsini&nbsp; anladıb dinləyicilərə stimul verməyə &ccedil;alışmışam.&nbsp;&nbsp; 1997-ci ildə Paraolimpiya Komitəsi&nbsp; acıldıqdan sonra mən buranın&nbsp; kamandan ox atma &uuml;zrə&nbsp; ilk əlil qadın idman&ccedil;ısı oldum.&nbsp; D&uuml;nya və Avropa&nbsp; &ccedil;empionlatlarında iştirak etmişəm,&nbsp;&nbsp; 2012 ildə Londonda ke&ccedil;irilən Yay Olimpiya oyunlarına&nbsp;&nbsp; lisenziya qazanmışam, m&uuml;xtəlif yarışlarda&nbsp; m&uuml;barizə aparmışam.&nbsp; Bu g&uuml;n isə mən Azərbaycan Diplomatik Akademiyasında &ldquo; Control room&rdquo; adlı ş&ouml;bəsində işləyirəm. Şəxsi həyata gəldikdə isə bu yaxınlarda ailə həyatı qurmuşam və &ccedil;ox xoşbəxtəm.<br />\r\n<strong>- Gələcəklə bağlı arzularınız və məqsədləriniz ...</strong><br />\r\n&nbsp;&nbsp;&nbsp; Mənim arzum nəinki ADA-da, həm&ccedil;inin digər universitet və məktəblərdə də fiziki&nbsp; məhdudiyyətli tələbələr &uuml;&ccedil;&uuml;n tam şərait yaradılsın. &Ccedil;&uuml;nki əlil olmaq həyatdan və cəmiyyətdən qopmaq demək deyil.<br />\r\n<strong>- Siz fiziki məhdudiyyətli dostlarımıza nə demək istərdiniz?</strong><br />\r\nBir &ccedil;ox fiziki məhdudiyətli &ouml;vladı olan ailələr, &ouml;z həyatlarını bəxtsiz talehlərinə bağlayırlar.&nbsp; Bu &ccedil;ox yanlış fikirdir. Fiziki məhdudiyyətli olmaq təhsil ala bilməmək, məqsədə &ccedil;ata bilməmək, cəmiyyətin bir par&ccedil;ası ola bilməmək anlamına gəlmir! Valideynlər &ouml;vladlarına dəstək olmalıdırlar. Həyatda ən əsas istəkdir.&nbsp; Bu istəyi yaratmaq &uuml;&ccedil;&uuml;n bir birimizə stimul və &uuml;mid verməliyik. Elə bu səbəbə g&ouml;rə də hər birimiz fiziki məhdudiyyətli&nbsp; birini g&ouml;rəndə, dilindən və dinindən aslı olmayaraq,&nbsp; ona k&ouml;mək etməyə və d&uuml;zg&uuml;n yola y&ouml;nəltməyə &ccedil;alışmalıyıq.&nbsp;<br />\r\n<strong>- Sizin &uuml;&ccedil;&uuml;n İnam və &Uuml;mid nə deməkdir?</strong><br />\r\n&nbsp; Mən bir vaxtlar &ouml;z inamımı itirmişdim, amma sonradan anladım ki, Allahdan başqa insana həmişə dəstək və g&uuml;c verən bir varlıq yoxdur. Bir insana qarşı sevgi t&uuml;kənə&nbsp; bilər, amma Allaha qarşı sevgi bitməz.&nbsp; Bir də onu əlavə etmək istərdim ki, həyat g&ouml;zəldir və onu, hər şeyə rəğmən, sevinclə yaşamaq lazımdır .</p>\r\n\r\n<p>&nbsp;</p>\r\n\r\n<p>Mətn: Qumral Əsgərzadə</p>\r\n\r\n<p>Foto: Aydan Mirzəyeva</p>\r\n\r\n<p>&nbsp;</p>\r\n\r\n<p>&nbsp;</p>\r\n', '', '<p>&nbsp;<strong>- Расскажите нам историю своей жизни.</strong><br />\r\n&nbsp; Я родилась&nbsp; в Шамкирском районе и в&nbsp; возрасте 16 лет, за 2 месяца до окончания средней школы, впоследствии предэкзаменационных стрессов пережила спинальный инсульт, который парализовал мои ноги.&nbsp; Это было очень тяжело для меня, потому что я потеряла&nbsp; свои&nbsp; мечты и должна была бороться&nbsp; за жизнь, открыть новую страницу. Переход, от здоровой жизни к жизни человека с физическим ограничением, был очень трудным и болезненным для меня. Теперь, когда я оглядываюсь назад,&nbsp; понимаю, что я очень сильный человек . В 1991 году я нашла в себе силы и переехала из&nbsp; деревни в столицу Баку, поступила в&nbsp; Нефтяную Академию, в отдел&nbsp; для студентов с физическими ограничениями.<br />\r\n<strong>- Но несмотря на все сложности&nbsp; вы открыли себе путь и не сдавались&hellip;</strong><br />\r\nВ 1997&nbsp; году&nbsp; я и мои друзья создали общество женщин-инвалидов, отделы которого действовали&nbsp; во многих регионах страны. Сегодня продолжается работа в решении социальных и медицинских проблем женщин с физической ограниченностью. В то же время, я выступала в качестве добровольца&nbsp; на различных тренингах и рассказывала слушателям истории из своей жизни. После основания Параолимпийского Комитета , в 1997 году&nbsp; я&nbsp; начала заниматься стрельбой из лука&nbsp; и тем самым стала первой&nbsp; женщиной-инвалидом&nbsp; с ограниченными физическими возможностями по этому виду спорта.&nbsp; Я участвовала в&nbsp; чемпионатах мира и Европы, в 2011 году выиграла&nbsp; лицензию&nbsp; на летние Олимпийские игры в Лондоне.<br />\r\nСегодня же&nbsp; я работаю в диспетчерской&nbsp; в Азербайджанской Дипломатической Академии.<br />\r\n<strong>- Какие у вас мечты и на будущее?</strong><br />\r\n&nbsp;Моей главной&nbsp; мечтой и целью является, чтобы не только в АДА но и в других университетах и школах&nbsp; создались все условия хорошего и качественного образования для учащихся с физическими ограничениями.&nbsp; Потому что, если кто-то&nbsp; инвалид, это&nbsp; не значит, что нужно оторваться от жизни и борьбы.<br />\r\n<strong>-&nbsp;Что бы вы хотели&nbsp; сказать нашим друзьям с физическими&nbsp; ограничениями?</strong><br />\r\nМногие семьи с физически ограниченными детьми связывают свою жизнь с тяжелой судьбой. Это неправильное мышление. Быть инвалидом не значит быть необразованным , не быть частью общества, не суметь достичь цели! Родители и близкие должны поддержать своих детей. В жизни самое важное иметь желание. Мы должны помочь друг другу в зарождении этого желания. А желание создать&nbsp; свою жизнь это самое главное и для этого нужно дать необходимый стимул и надежду. Именно по этой причиной, когда я вижу кого-то с&nbsp; физическим ограничением, несмотря на его язык и религию , хочу помочь ему и попытаться&nbsp; направить на правильный путь . Сегодня,&nbsp; по- сравнению с&nbsp; 90-ми годами,&nbsp; есть более широкие для развития человека с ограниченными физическими возможностями.<br />\r\n-<strong> Что для вас значит Вера и Надежда?</strong><br />\r\nКогда произошел перелом в моей жизни , я боялась потерять надежду, но моя вера во Всевышнего зародила во мне огромные силы.&nbsp; Я также хочу сказать, что жизнь прекрасна, и мы должны прожить ее с радостью и благодарением.</p>\r\n\r\n<p>&nbsp;</p>\r\n\r\n<p>Текст: Гумрал Аскерзаде</p>\r\n\r\n<p>Фото: Айдан Мирзоева</p>\r\n', '4', null, '1', '/uploads/images/bp_5800a.JPG'), ('35', 'Children\'s smile', '', 'Children\'s smile!', '<p><br />\r\n<strong>1 июня </strong>- в Международный день защиты детей - <strong>организация &laquo;Счастливое будущее детей&raquo; и отель Four Seasons </strong>порадуют вас очередным праздником!<br />\r\nМы составили насыщенную развлекательную программу для ваших детей! На нашем празднике они встретятся со своими любимыми сказочными персонажами, а на входе детишек будут приветствовать наши зажигательные клоуны. Шоу мыльных пузырей, спектакль с участием самих детей, конкурсы и состязания, ну и, конечно же, дискотека! А зажигать будут известные певцы Роя, Тунзаля Агаева, Замик и Рехим Рехимли. Ведущие праздника &ndash; Мурад Ариф и Лейла Алиева.<br />\r\nДля детей и их родителей будет приготовлен изыканный фуршет.<br />\r\nНачало праздника в 12:00. Контактные номера: (050) 611 62 02<br />\r\nВсе собранные средства пойдут на <strong>лечение ребенка с пороком сердца!</strong></p>\r\n\r\n<p>&nbsp;\r\n<p>&nbsp;\r\n<p>&nbsp;\r\n<p>&nbsp;</p>\r\n</p>\r\n</p>\r\n</p>\r\n', '', '<p><br />\r\n<strong>1 июня </strong>- в Международный день защиты детей - <strong>организация &laquo;Счастливое будущее детей&raquo;</strong> и <strong>отель Four Seasons </strong>порадуют вас очередным праздником!<br />\r\nМы составили насыщенную развлекательную программу для ваших детей! На нашем празднике они встретятся со своими любимыми сказочными персонажами, а на входе детишек будут приветствовать наши зажигательные клоуны. Шоу мыльных пузырей, спектакль с участием самих детей, конкурсы и состязания, ну и, конечно же, дискотека! А зажигать будут известные певцы Роя, Тунзаля Агаева, Замик и Рехим Рехимли. Ведущие праздника &ndash; Мурад Ариф и Лейла Алиева.<br />\r\nДля детей и их родителей будет приготовлен изыканный фуршет.<br />\r\nНачало праздника в 12:00. Контактные номера: (050) 611 62 02<br />\r\nВсе собранные средства пойдут на <strong>лечение ребенка с пороком сердца!</strong></p>\r\n\r\n<p>&nbsp;</p>\r\n', '7', null, '1', '/uploads/images/bp_e3f2d.jpg'), ('36', '\"Təbiətin gözəlliyini necə duymamaq olar!\"', '', '\"Как можно не чувствовать красоту природы!\"', '<p>&nbsp; Səfurə Dadaşova 1962-ci ildə anadan olub. Uşaqlıqdan rəsm &ccedil;əkməyə başlayan Səfurənin istedadı diqqətdən kənarda qalmayıb: &ldquo;Atam həmişə mənə dayaq olub, bacarıqlarımı inkişaf etdirməkdə dəstəkliyibdir&rdquo;. 1991-ci ildə 3-c&uuml; &Uuml;mumuittifaq Xalq Yaradıcılığı Sərgisinin diplomunu alıb. 1995-ci ildə Əlillərin 3-c&uuml; &Uuml;mumrespublika Yaradıcılıq Sərgi-M&uuml;sabiqəsinin 1-ci dərəcəli diplomuna layiq g&ouml;r&uuml;l&uuml;b. 2000-ci ildə bu m&uuml;sabiqənin qalibi olub. 2003-c&uuml; ildə Bakı Şəhəri İcra Hakimiyyətinin &ldquo;Ən yaxşı tətbiqi sənət n&uuml;munələri&rdquo; m&uuml;sabiqəsinin diplomunu alıb. Həm&ccedil;inin Beynəlxalq rəsm m&uuml;sabigəsində &ldquo;&Uuml;&ccedil; g&uuml;l&rdquo; əsəri ilə 2-ci yerə layiq g&ouml;r&uuml;lm&uuml;şd&uuml;r. &ldquo;Mən təbiəti &ccedil;ox sevirəm. Onun hər bir mənzərəsini, hər bir fəslini sevirem. Həyata bağlantım təbiətə sevgidən başlayır, bəlkə ona g&ouml;rə g&ouml;rd&uuml;klərimi əks etdirmək &uuml;&ccedil;&uuml;n bu sənəti se&ccedil;mişəm. İnsanların diqqəti işə y&ouml;nəldikdən ətraf m&uuml;h&uuml;t&uuml;n nə gədər g&ouml;zəl olduğunu g&ouml;rə bilmirlər. Təbiətin g&ouml;zəlliyini necə duymamaq olar ! Həyat m&ouml;c&uuml;zədir&rdquo;. 2001-ci ildə onun &ldquo;Qubada qış&rdquo; əsəri &ldquo;CONOCO Azerbaijan&rdquo; şirkətinin milad bayramı m&uuml;nasibəti ilə təbrik a&ccedil;ıqcalarında istifadə olunub. 5 il fəaliyyət g&ouml;stərən &ldquo;Taleh&rdquo; əlillər musiqili ansamblın solisti olub. Rəsm işləri 12 &ouml;lkədə n&uuml;mayiş olunub. &ldquo; Mən inanıram ki, d&uuml;nyada nə gədər &ccedil;ox xeyriyyə aksiyaları ke&ccedil;irilsə o gədər də xəstə uşaqların umidi artar... &ldquo;</p>\r\n\r\n<p>&nbsp;</p>\r\n\r\n<p>Mətn: Fəridə Əsgərzadə<br />\r\nFoto: Ceyhun Manafov</p>\r\n\r\n<p>&nbsp;\r\n<p>&nbsp;</p>\r\n</p>\r\n', '', '<p>&nbsp; Дадашева Сафура родилась в 1962 году в Губинском районе. С раннего возраста увлекается рисованием. Ее талант не остался незамеченным. &ldquo;Мой отец всегда во всем был для меня опорой, помогал развивать мои творческие способности&raquo;. В 1991 году на выставке работ народного творчества удостоилась диплома. В 1995 году получила диплом 1-й степени на I Республиканской выставке-конкурсе творчества инвалидов. Сафура тала победительницей выставки-конкурса работ инвалидов в 2000 году. В 2003 году была награждена&nbsp; дипломом конкурса &laquo; Лучшие образцы прикладного искусства&raquo;, проведенного Исполнительной властью города Баку. Также стала лауреатом 2-ого места на Международном конкурсе, впечатлив&nbsp; жюри произведением &laquo;Три цветка&raquo;. &laquo;Я люблю природу. Я люблю ее каждый пейзаж, каждый сезон. Моя привязанность к жизни начинается с этой любви, возможно поэтому я и решила выражать увиденное с помощью кисти. Сосредотачиваясь только на работе, большинство людей не видит всю окружающую нас красоту. Как можно не прочувствовать красоту природы! Жизнь - это чудо&raquo;. В 2001 году ее произведение &laquo;Зима в Губе&raquo; была использована на поздравительных открытках компании &laquo;CONOCO Azerbaijan&rdquo;. Сафура также была солисткой музыкального ансамбля инвалидов &laquo;Талех&raquo;, который действовал около 5 лет. Принимала участие в республиканских конкурсах творчества инвалидов, которые состоялись в 2006 и 2009 годах. Картины, созданные ею, демонстрировались в 12 странах мира. &laquo;Я верю, что надежда больных детей будет расти с увеличением числа благотворительных акций&hellip;&raquo;</p>\r\n\r\n<p>Текст: Фарида Аскерзаде<br />\r\nФото: Джейхун Манафов</p>\r\n', '4', null, '1', '/uploads/images/bp_77541.JPG');
COMMIT;

-- ----------------------------
--  Table structure for `ContentVideo`
-- ----------------------------
DROP TABLE IF EXISTS `ContentVideo`;
CREATE TABLE `ContentVideo` (
  `id` int(10) unsigned NOT NULL AUTO_INCREMENT,
  `contentID` int(10) unsigned NOT NULL,
  `videoID` int(10) unsigned NOT NULL,
  PRIMARY KEY (`id`),
  UNIQUE KEY `ContentVideoUnique` (`contentID`,`videoID`),
  KEY `FK_CV_VideoID` (`videoID`),
  CONSTRAINT `ContentVideo_ibfk_1` FOREIGN KEY (`videoID`) REFERENCES `Video` (`id`) ON DELETE CASCADE ON UPDATE CASCADE,
  CONSTRAINT `ContentVideo_ibfk_2` FOREIGN KEY (`contentID`) REFERENCES `Content` (`id`) ON DELETE CASCADE ON UPDATE CASCADE
) ENGINE=InnoDB AUTO_INCREMENT=11 DEFAULT CHARSET=utf8 COLLATE=utf8_unicode_ci ROW_FORMAT=COMPACT;

-- ----------------------------
--  Records of `ContentVideo`
-- ----------------------------
BEGIN;
INSERT INTO `ContentVideo` VALUES ('8', '9', '4'), ('9', '9', '5'), ('10', '9', '6');
COMMIT;

-- ----------------------------
--  Table structure for `Dictionary`
-- ----------------------------
DROP TABLE IF EXISTS `Dictionary`;
CREATE TABLE `Dictionary` (
  `id` int(10) unsigned NOT NULL AUTO_INCREMENT,
  `az` varchar(255) COLLATE utf8_unicode_ci DEFAULT NULL,
  `en` varchar(255) COLLATE utf8_unicode_ci DEFAULT NULL,
  `ru` varchar(255) COLLATE utf8_unicode_ci DEFAULT NULL,
  `token` varchar(255) COLLATE utf8_unicode_ci DEFAULT NULL,
  PRIMARY KEY (`id`)
) ENGINE=InnoDB AUTO_INCREMENT=78 DEFAULT CHARSET=utf8 COLLATE=utf8_unicode_ci ROW_FORMAT=COMPACT;

-- ----------------------------
--  Records of `Dictionary`
-- ----------------------------
BEGIN;
INSERT INTO `Dictionary` VALUES ('5', 'Gerisini oxu', '', '', 'read more'), ('9', 'Yüklənir...', 'Loading...', 'Загрузка...', 'loading...'), ('10', 'Filtr', 'Filter By', 'Фильтр', 'Filter By'), ('24', 'Birini seç...', 'Choose one ...', 'Выберите один...', 'choose one ...'), ('30', 'Tarix', 'Date', 'Дата', 'date'), ('31', 'Vaxt', 'Time', 'Время', 'time'), ('34', 'Əlaqə məlumatları', 'Contact infromation', 'Контактные данные', 'request_contact_info'), ('35', 'Ad, Soyad', 'First Name, Last Name', 'Имя, Фамилия', 'fullname'), ('36', 'Telefon', 'Phone', 'Телефон', 'phone'), ('37', 'Email', 'Email', 'Email', 'email'), ('39', 'Opsional', 'Optional', 'Опционально ', 'optional'), ('40', 'Vacib', 'Required', 'Обязательные', 'required'), ('41', 'Göndərilir', 'Sending', 'Отправляется', 'sending'), ('42', 'Göndər', 'Send', 'Отправить', 'send'), ('43', 'Mesajınız göndərildi. Təşəkkür edirik!', 'Your message sent! Thank you!', '', 'sent'), ('44', 'İsmarıc', 'Message', 'Сообщение', 'message'), ('45', 'Forma doldurulmamışdır. Zəhmət olmasa təstiqləməzdən əvvəl vacib sahələri doldurun.', 'Form not filled. Please fill important fields before submitting.', 'Форма не заполнена. Пожалуйста заполните важные поля прежде чем подтвердить.', 'form not filled'), ('49', 'Foto-qalereya', 'Photo-gallery', 'Фото-галерея', 'gallery'), ('50', 'Seç', 'Choose', 'Выбрать', 'select'), ('53', 'Ümumi məlumatlar', 'General information', 'Общая информация', 'eventbasics'), ('60', 'Seçim', 'Selection', 'Выбор', 'selectable'), ('61', 'Yadda saxla', 'Remember', 'Запомнить', 'save'), ('62', 'İmtina', 'Rejection', 'Отказ', 'cancel'), ('66', 'Bizimlə əlaqə', null, null, 'contact us'), ('68', 'Səhifə tapılmadı.', 'The specified post cannot be found.', 'Cтраница не найдена.', '404'), ('69', 'Kateqoriya', null, null, 'category'), ('70', 'Növbəti səhifə', null, null, 'nextpage'), ('71', 'Son səhifə', null, null, 'lastpage'), ('72', 'İlk səhifə', null, null, 'firstpage'), ('73', 'Öncəki səhifə', null, null, 'prevpage'), ('74', 'Ardını oxu', null, null, 'readmore'), ('75', 'Fotolar', null, null, 'photos'), ('76', 'Videolar', null, null, 'videos'), ('77', 'Sosial şəbəkələrdə biz', null, null, 'social networks');
COMMIT;

-- ----------------------------
--  Table structure for `Hierarchy`
-- ----------------------------
DROP TABLE IF EXISTS `Hierarchy`;
CREATE TABLE `Hierarchy` (
  `id` int(11) unsigned NOT NULL AUTO_INCREMENT,
  `title_az` varchar(255) COLLATE utf8_unicode_ci DEFAULT NULL,
  `title_en` varchar(255) COLLATE utf8_unicode_ci DEFAULT NULL,
  `title_ru` varchar(255) COLLATE utf8_unicode_ci DEFAULT NULL,
  `token` varchar(255) COLLATE utf8_unicode_ci DEFAULT NULL,
  `sort` int(10) unsigned NOT NULL,
  `parent` int(10) unsigned DEFAULT '0',
  `menuType` tinyint(2) unsigned DEFAULT NULL COMMENT '1 - top \r\n2 - bottom\r \n3 - left',
  `icon` varchar(255) COLLATE utf8_unicode_ci DEFAULT NULL,
  `blog` tinyint(1) DEFAULT '0',
  PRIMARY KEY (`id`)
) ENGINE=InnoDB AUTO_INCREMENT=14 DEFAULT CHARSET=utf8 COLLATE=utf8_unicode_ci ROW_FORMAT=COMPACT;

-- ----------------------------
--  Records of `Hierarchy`
-- ----------------------------
BEGIN;
INSERT INTO `Hierarchy` VALUES ('1', 'Ana Səhifə', 'Main page', 'Главная', 'home', '1', '0', '1', 'fa-align-justify', '0'), ('2', 'İnsanlar', 'People', 'Люди', 'people', '2', '0', '1', 'fa-user', '1'), ('3', 'Söhbətlər', 'Interview', 'Беседы', 'interviews', '1', '2', '1', null, '1'), ('4', 'Yeni işıq', 'New sparkle', 'Новый свет', 'sparkle', '2', '2', '1', null, '1'), ('5', 'Xəbərlər', 'News', 'Новости', 'news', '3', '0', '1', 'fa-pencil', '1'), ('6', 'Tədbirlər', 'Events', 'Мероприятия', 'events', '1', '5', '1', null, '1'), ('7', 'Xeyriyyəçilik', 'Charity', 'Благотворительность', 'charity', '2', '5', '1', null, '1'), ('8', 'Qalereya', 'Gallery', 'Галерея', 'gallery', '4', '0', '1', 'fa-camera', '0'), ('9', 'Foto', 'Photo', 'Фото', 'photogallery', '1', '8', '1', null, '0'), ('10', 'Video', 'Video', 'Видео', 'videogallery', '2', '8', '1', null, '0'), ('11', 'Haqqımda', 'About me', 'О себе', 'about', '5', '0', '1', 'fa-info', '0'), ('12', 'Təşəkkürlər', 'Thankfullness', 'Благодарность', 'thanks', '6', '0', '1', 'fa-thumbs-o-up', '0'), ('13', 'Əlaqə', 'Contact', 'Контакты', 'contact', '7', '0', '1', 'fa-envelope', '0');
COMMIT;

-- ----------------------------
--  Table structure for `Meta`
-- ----------------------------
DROP TABLE IF EXISTS `Meta`;
CREATE TABLE `Meta` (
  `id` int(11) unsigned NOT NULL AUTO_INCREMENT,
  `token` varchar(255) COLLATE utf8_unicode_ci DEFAULT NULL,
  `value` varchar(255) COLLATE utf8_unicode_ci DEFAULT NULL,
  PRIMARY KEY (`id`)
) ENGINE=InnoDB DEFAULT CHARSET=utf8 COLLATE=utf8_unicode_ci ROW_FORMAT=COMPACT;

-- ----------------------------
--  Table structure for `Photo`
-- ----------------------------
DROP TABLE IF EXISTS `Photo`;
CREATE TABLE `Photo` (
  `id` int(10) unsigned NOT NULL AUTO_INCREMENT,
  `url` varchar(255) COLLATE utf8_unicode_ci DEFAULT NULL COMMENT 'URL',
  `main` tinyint(1) DEFAULT '0' COMMENT 'Əsas şəıkil',
  `albumID` int(10) unsigned DEFAULT NULL COMMENT 'Albom',
  `desc_az` varchar(255) COLLATE utf8_unicode_ci DEFAULT NULL COMMENT 'Qısa məlumat',
  `desc_en` varchar(255) COLLATE utf8_unicode_ci DEFAULT NULL COMMENT 'Description',
  `desc_ru` varchar(255) COLLATE utf8_unicode_ci DEFAULT NULL COMMENT 'Описание',
  PRIMARY KEY (`id`),
  KEY `FK_PhotoAlbumID` (`albumID`),
  CONSTRAINT `Photo_ibfk_1` FOREIGN KEY (`albumID`) REFERENCES `Photoalbum` (`id`) ON DELETE SET NULL ON UPDATE CASCADE
) ENGINE=InnoDB AUTO_INCREMENT=60 DEFAULT CHARSET=utf8 COLLATE=utf8_unicode_ci ROW_FORMAT=COMPACT;

-- ----------------------------
--  Records of `Photo`
-- ----------------------------
BEGIN;
INSERT INTO `Photo` VALUES ('5', '/uploads/images/9_87a01.JPG', '1', '9', null, null, null), ('6', '/uploads/images/9_8b724.JPG', '0', '9', null, null, null), ('7', '/uploads/images/9_8e209.JPG', '0', '9', null, null, null), ('8', '/uploads/images/9_9056d.JPG', '0', '9', null, null, null), ('9', '/uploads/images/10_cf478.jpg', '1', '10', null, null, null), ('10', '/uploads/images/10_d2ac8.jpg', '0', '10', null, null, null), ('11', '/uploads/images/10_d58e9.jpg', '0', '10', null, null, null), ('12', '/uploads/images/10_d7896.jpg', '0', '10', null, null, null), ('13', '/uploads/images/10_d948d.jpg', '0', '10', null, null, null), ('14', '/uploads/images/10_db6e9.jpg', '0', '10', null, null, null), ('15', '/uploads/images/10_cf0cd.JPG', '0', '10', null, null, null), ('16', '/uploads/images/11_0d60c.jpg', '1', '11', null, null, null), ('17', '/uploads/images/11_1029c.jpg', '0', '11', null, null, null), ('18', '/uploads/images/11_118c6.jpg', '0', '11', null, null, null), ('19', '/uploads/images/11_1320c.jpg', '0', '11', null, null, null), ('20', '/uploads/images/11_14a71.jpg', '0', '11', null, null, null), ('22', '/uploads/images/12_2442d.jpg', '1', '12', null, null, null), ('23', '/uploads/images/12_28207.jpg', '0', '12', null, null, null), ('24', '/uploads/images/12_29b51.jpg', '0', '12', null, null, null), ('25', '/uploads/images/13_ce922.JPG', '1', '13', null, null, null), ('26', '/uploads/images/13_d1884.JPG', '0', '13', null, null, null), ('27', '/uploads/images/13_d3a62.JPG', '0', '13', null, null, null), ('28', '/uploads/images/13_d5926.JPG', '0', '13', null, null, null), ('29', '/uploads/images/13_d7602.JPG', '0', '13', null, null, null), ('30', '/uploads/images/13_d92c1.JPG', '0', '13', null, null, null), ('31', '/uploads/images/13_e14f3.JPG', '0', '13', null, null, null), ('32', '/uploads/images/13_e43d2.JPG', '0', '13', null, null, null), ('33', '/uploads/images/13_e5e3e.JPG', '0', '13', null, null, null), ('34', '/uploads/images/13_e9205.JPG', '0', '13', null, null, null), ('35', '/uploads/images/13_eb088.JPG', '0', '13', null, null, null), ('36', '/uploads/images/13_ed08d.JPG', '0', '13', null, null, null), ('37', '/uploads/images/14_2ed8a.jpg', '1', '14', null, null, null), ('38', '/uploads/images/14_33ca4.jpg', '0', '14', null, null, null), ('39', '/uploads/images/14_365b2.jpg', '0', '14', null, null, null), ('40', '/uploads/images/15_74ba0.JPG', '1', '15', null, null, null), ('41', '/uploads/images/15_6a3d3.JPG', '0', '15', null, null, null), ('42', '/uploads/images/15_70594.JPG', '0', '15', null, null, null), ('43', '/uploads/images/15_72171.JPG', '0', '15', null, null, null), ('44', '/uploads/images/15_383eb.JPG', '0', '15', null, null, null), ('45', '/uploads/images/15_3b955.JPG', '0', '15', null, null, null), ('46', '/uploads/images/15_3d497.JPG', '0', '15', null, null, null), ('47', '/uploads/images/15_3f34f.JPG', '0', '15', null, null, null), ('48', '/uploads/images/15_40b83.JPG', '0', '15', null, null, null), ('49', '/uploads/images/15_43046.JPG', '0', '15', null, null, null), ('50', '/uploads/images/15_44aac.JPG', '0', '15', null, null, null), ('51', '/uploads/images/16_e494f.JPG', '1', '16', null, null, null), ('52', '/uploads/images/16_3b27f.JPG', '0', '16', null, null, null), ('53', '/uploads/images/17_ab242.jpg', '1', '17', null, null, null), ('54', '/uploads/images/17_b6f11.JPG', '0', '17', null, null, null), ('55', '/uploads/images/18_b85f9.jpg', '1', '18', null, null, null), ('56', '/uploads/images/18_bfba7.jpg', '0', '18', null, null, null), ('57', '/uploads/images/18_c3a4b.jpg', '0', '18', null, null, null), ('58', '/uploads/images/18_ca0f8.jpg', '0', '18', null, null, null), ('59', '/uploads/images/18_d63c9.jpg', '0', '18', null, null, null);
COMMIT;

-- ----------------------------
--  Table structure for `Photoalbum`
-- ----------------------------
DROP TABLE IF EXISTS `Photoalbum`;
CREATE TABLE `Photoalbum` (
  `id` int(10) unsigned NOT NULL AUTO_INCREMENT,
  `name_az` varchar(255) COLLATE utf8_unicode_ci NOT NULL COMMENT 'Albomun adı',
  `name_en` varchar(255) COLLATE utf8_unicode_ci DEFAULT NULL COMMENT 'Название',
  `name_ru` varchar(255) COLLATE utf8_unicode_ci DEFAULT NULL COMMENT 'Название',
  `shownInGallery` tinyint(1) DEFAULT '0' COMMENT 'Qalereyada görsənsin?',
  PRIMARY KEY (`id`)
) ENGINE=InnoDB AUTO_INCREMENT=19 DEFAULT CHARSET=utf8 COLLATE=utf8_unicode_ci ROW_FORMAT=COMPACT;

-- ----------------------------
--  Records of `Photoalbum`
-- ----------------------------
BEGIN;
INSERT INTO `Photoalbum` VALUES ('9', '\"Hədəfdəki insan\" Samirdir? ', '', '\"Человек под прицелом\" - это Самир', '1'), ('10', 'Mustafa Mehmandarov', '', 'Мустафа Мехмандаров', '1'), ('11', 'Tahir Şıxaliyev', '', 'Тахир Шихалиев', '1'), ('12', 'Abışov Məhəmməd', '', 'Абышов Магомед', '1'), ('13', 'Qocalı Cabir', '', 'Годжалы Джабир', '1'), ('14', 'Nərgiz Kərimova', '', 'Наргиз Керимова', '1'), ('15', 'Qocalı Cabir', '', 'Годжалы Джабир', '1'), ('16', 'Elnur Eyvazov', 'Эльнур Эйвазов', '', '1'), ('17', 'Aleksandr Şarovskiy', '', '', '1'), ('18', 'Səfurə Dadaşova', '', '', '1');
COMMIT;

-- ----------------------------
--  Table structure for `Request`
-- ----------------------------
DROP TABLE IF EXISTS `Request`;
CREATE TABLE `Request` (
  `id` int(7) unsigned zerofill NOT NULL AUTO_INCREMENT,
  `fullname` varchar(255) COLLATE utf8_unicode_ci NOT NULL COMMENT 'Tam ad',
  `reqDate` timestamp NOT NULL DEFAULT CURRENT_TIMESTAMP COMMENT 'Müraciət tarixi',
  `phone` varchar(255) COLLATE utf8_unicode_ci NOT NULL COMMENT 'Telefon',
  `email` varchar(255) COLLATE utf8_unicode_ci DEFAULT NULL COMMENT 'Email',
  `notes` text COLLATE utf8_unicode_ci NOT NULL COMMENT 'Qeydlər',
  PRIMARY KEY (`id`)
) ENGINE=InnoDB AUTO_INCREMENT=3 DEFAULT CHARSET=utf8 COLLATE=utf8_unicode_ci ROW_FORMAT=COMPACT;

-- ----------------------------
--  Records of `Request`
-- ----------------------------
BEGIN;
INSERT INTO `Request` VALUES ('1', 'qalib', '2014-01-19 14:35:08', '050 441 04 94', 'qalib@qemberov.ru', 'menim adim qalibdir men 30 dekabrda anadan olmusam .Menim maraim idmandir,ve men size soz veriremki, azerbaycanin milli qehramanlerindan olacam\r\n'), ('2', 'test', '2014-01-28 03:29:30', 'test', 'test', 'test\r\n');
COMMIT;

-- ----------------------------
--  Table structure for `Slideshow`
-- ----------------------------
DROP TABLE IF EXISTS `Slideshow`;
CREATE TABLE `Slideshow` (
  `id` int(10) unsigned NOT NULL AUTO_INCREMENT,
  `title_az` varchar(255) COLLATE utf8_unicode_ci NOT NULL COMMENT 'Başlıq',
  `title_en` varchar(255) COLLATE utf8_unicode_ci DEFAULT NULL COMMENT 'Heading',
  `title_ru` varchar(255) COLLATE utf8_unicode_ci DEFAULT NULL COMMENT 'Заголовок',
  `sort` tinyint(2) DEFAULT NULL COMMENT 'Növbə',
  `imgUrl` varchar(255) COLLATE utf8_unicode_ci NOT NULL,
  `text_az` text COLLATE utf8_unicode_ci COMMENT 'Mətn',
  `text_en` text COLLATE utf8_unicode_ci COMMENT 'Text',
  `text_ru` text COLLATE utf8_unicode_ci,
  `url_az` varchar(255) COLLATE utf8_unicode_ci NOT NULL COMMENT 'Link (az)',
  `url_en` varchar(255) COLLATE utf8_unicode_ci DEFAULT NULL COMMENT 'Link (en)',
  `url_ru` varchar(255) COLLATE utf8_unicode_ci DEFAULT NULL COMMENT 'Link (ru)',
  PRIMARY KEY (`id`)
) ENGINE=InnoDB AUTO_INCREMENT=12 DEFAULT CHARSET=utf8 COLLATE=utf8_unicode_ci ROW_FORMAT=COMPACT;

-- ----------------------------
--  Records of `Slideshow`
-- ----------------------------
BEGIN;
INSERT INTO `Slideshow` VALUES ('1', 'Tahir Şixəliyevlə söhbət', '', 'Беседа с Таир Шихалиевым', '6', '/uploads/images/slide_f1347.jpg', '', '', '', 'http://beliefandhope.com/tahir_shixaliyevle_sohbet/1388438597', '', 'http://beliefandhope.com/beseda_s_tahirom_shihalievim/1388439438'), ('2', 'Cabirin sehirli fırçası', '', 'Волшебная кисть Джабира', '5', '/uploads/images/slide_9f4dc.JPG', '', '', '', 'http://beliefandhope.com/cabirin-sehirli-fircasi/1388921844', '', 'http://beliefandhope.com/volshebnaya-kisty-dzhabira/1388922417'), ('3', 'Mehmandarovlar indiki zamandan keçmişə', '', 'Мехмандаровы из настоящего в прошлое', '1', '/uploads/images/slide_eae72.jpg', '', '', '', 'http://beliefandhope.com/mehmandarovlar_bu_gundin_kecmishe/1388431799', '', 'http://beliefandhope.com/mehmandarovi_iz_nastoyashtego_v_budushtee/1388433530'), ('4', '“Hədəfdəki insan” Samirdir ?', '', '\"Человек под прицелом\"- это Самир?', '4', '/uploads/images/slide_ce99d.JPG', '', '', '', 'http://beliefandhope.com/%22hedefdeki_insan%22_samirdir/1388777218', '', 'http://beliefandhope.com/%22chelovek_pod_pritselom%22_-_eto_samir/1388777249'), ('5', 'Məhəmmədin musiqi çalarları', '', 'Музыкальные краски Магомеда', '2', '/uploads/images/slide_e5798.jpg', '', '', '', 'http://beliefandhope.com/mehemmedin_musiqi_calarlari/1388442285', '', 'http://beliefandhope.com/muzikalynie_kraski_magomeda/1388442504'), ('6', 'Bir həyatı xilas edən , bütün dünyanı xilas edir', '', 'Тот, кто спасает одну жизнь, спасает весь мир', '3', '/uploads/images/slide_02cda.jpg', '', '', '', 'http://beliefandhope.com/bir-heyati-xilas-eden-butun-dunyani-xilas-edir/1388917401', '', 'http://beliefandhope.com/tot-kto-spasaet-odnu-zhizny-spasaet-vesy-mir/1388918036'), ('7', 'Görmək üçün istəmək kifayyətdir', '', 'Для того, чтобы увидеть достаточно захотеть', '7', '/uploads/images/slide_bc49a.JPG', '', '', '', 'http://beliefandhope.com/gormek-ucun-istemek-kifayyetdir/1393849066', '', 'http://beliefandhope.com/dlya-togo-chtobi-uvidety-dostatochno-zahotety/1393849066'), ('8', '\"Siz əyləşin, bu işi bilən var!\"', '', '\"Вы сядьте, в этом деле понимают\"', '8', '/uploads/images/slide_417f7.jpg', '', '', '', 'http://beliefandhope.com/sen-otur-bu-ishi-bilen-var/1393585686', '', 'http://beliefandhope.com/vi-syadyte-v-etom-dele-ponimayut/1393850779'), ('9', 'Incəsənətə bürünmüş...', '', 'Окутанная творчеством...', '9', '/uploads/images/slide_7cd79.jpg', '', '', '', 'http://beliefandhope.com/incesenete-burunmush/1398117239', '', 'http://beliefandhope.com/okutannaya-tvorchestvom/1398117239'), ('10', 'Zinyət Vəliyeva: \" Mən çox güclü insanam...\"', '', 'Зинят Велиева: \" Я очень сильный человек...\"', '3', '/uploads/images/slide_355c2.JPG', '', '', '', 'http://beliefandhope.com/zinyet-veliyeva-men-cox-guclu-insanam/1399634510', '', 'http://beliefandhope.com/zinyat-velieva-ya-ocheny-silyniy-chelovek/1399634510'), ('11', '\"Təbiətin gözəlliyini necə duymamaq olar!\"', '', '\"Как можно не чувствовать красоту природы!\"', '4', '/uploads/images/slide_7e9be.JPG', '', '', '', 'http://beliefandhope.com/tebietin-gozelliyini-nece-duymamaq-olar/1399674728', '', 'http://beliefandhope.com/kak-mozhno-ne-chuvstvovaty-krasotu-prirodi/1399674728');
COMMIT;

-- ----------------------------
--  Table structure for `Slug`
-- ----------------------------
DROP TABLE IF EXISTS `Slug`;
CREATE TABLE `Slug` (
  `id` int(10) unsigned NOT NULL AUTO_INCREMENT,
  `blogID` int(11) NOT NULL,
  `lang` varchar(255) COLLATE utf8_unicode_ci NOT NULL,
  `createdAt` timestamp NOT NULL DEFAULT CURRENT_TIMESTAMP ON UPDATE CURRENT_TIMESTAMP,
  `slug` varchar(255) COLLATE utf8_unicode_ci NOT NULL,
  `hash` char(5) COLLATE utf8_unicode_ci DEFAULT NULL,
  PRIMARY KEY (`id`)
) ENGINE=InnoDB AUTO_INCREMENT=72 DEFAULT CHARSET=utf8 COLLATE=utf8_unicode_ci ROW_FORMAT=COMPACT;

-- ----------------------------
--  Records of `Slug`
-- ----------------------------
BEGIN;
INSERT INTO `Slug` VALUES ('1', '1', 'az', '2013-12-28 22:29:05', 'haqqimda', 'bbb79'), ('2', '1', 'ru', '2013-12-28 22:29:05', 'about_me', 'b0894'), ('3', '1', 'en', '2013-12-28 22:29:05', 'o_sebe', 'ac903'), ('4', '2', 'az', '2013-12-28 22:43:34', 'teshekkurler', 'a4b64'), ('5', '2', 'ru', '2013-12-28 22:43:34', 'blagodarnosty', '0970d'), ('6', '2', 'en', '2013-12-28 22:43:35', 'thankfullness', '87cd2'), ('8', '6', 'az', '2014-01-03 23:26:58', '\"hedefdeki_insan\"_samirdir', '52fea'), ('9', '6', 'ru', '2014-01-03 23:27:29', '\"chelovek_pod_pritselom\"_-_eto_samir', '22faa'), ('10', '7', 'az', '2013-12-30 23:29:59', 'mehmandarovlar_bu_gundin_kecmishe', '83a6b'), ('11', '7', 'ru', '2013-12-30 23:58:50', 'mehmandarovi_iz_nastoyashtego_v_budushtee', '32c0b'), ('12', '8', 'az', '2013-12-31 01:23:17', 'tahir_shixaliyevle_sohbet', 'c328a'), ('13', '8', 'ru', '2013-12-31 01:37:18', 'beseda_s_tahirom_shihalievim', '01e53'), ('14', '9', 'az', '2013-12-31 02:24:45', 'mehemmedin_musiqi_calarlari', 'fe3aa'), ('15', '9', 'ru', '2013-12-31 02:28:24', 'muzikalynie_kraski_magomeda', 'e68d9'), ('16', '10', 'az', '2014-01-05 14:23:21', 'bir-heyati-xilas-eden-butun-dunyani-xilas-edir', '15a2c'), ('17', '10', 'ru', '2014-01-05 14:33:56', 'tot-kto-spasaet-odnu-zhizny-spasaet-vesy-mir', '8ed83'), ('18', '11', 'az', '2014-01-05 15:37:24', 'cabirin-sehirli-fircasi', 'd858a'), ('19', '11', 'ru', '2014-01-05 15:46:57', 'volshebnaya-kisty-dzhabira', 'bbea7'), ('25', '15', 'az', '2014-01-11 01:39:41', 'simli-kvartetin-konserti', 'b892d'), ('26', '15', 'ru', '2014-01-11 01:39:41', 'kontsert-strunnogo-kvarteta', 'be6de'), ('27', '16', 'az', '2014-01-11 02:10:25', 'mushfiq-mehdibeylinin-sergisi', '346a9'), ('28', '16', 'ru', '2014-01-11 02:10:25', 'vistavka-mushfiga-mehtibeyli', '3e1d4'), ('29', '17', 'az', '2014-01-11 02:48:55', 'ulviyye-musayevanin-sergisi', '1f3c2'), ('30', '17', 'ru', '2014-01-11 02:48:55', 'vistavka-ulyvii-musaevoy', '1cf71'), ('31', '18', 'az', '2014-01-11 03:04:46', '20-yanvar-faciesine-hesr-edilmish-konsert', '709fe'), ('32', '18', 'ru', '2014-01-11 03:04:46', 'kontsert-posvyashtenniy-20-yanvarya', '19b34'), ('33', '19', 'az', '2014-01-11 13:00:36', 'simfonik-orkestrin-konserti', 'a2ec5'), ('34', '19', 'ru', '2014-01-11 13:00:36', 'kontsert-simfonicheskogo-orkestra', '06640'), ('35', '20', 'az', '2014-01-11 13:08:21', 'genc-mugam-ifacilarinin-konserti', '23c07'), ('36', '20', 'ru', '2014-01-11 13:08:21', 'kontsert-molodih-ispolniteley-mugama', '2f037'), ('37', '21', 'az', '2014-01-11 13:13:50', 'xalq-calgi-aletlerinin-konserti', '3b4a3'), ('38', '21', 'ru', '2014-01-11 13:13:50', 'kontsert-orkestra-narodnih-instrumentov', '0c436'), ('39', '22', 'az', '2014-01-11 14:06:13', 'azerbaycan-dovlet-reqs-ansamblinin-konserti', '06f78'), ('40', '22', 'ru', '2014-01-11 14:06:13', 'kontsert-gosudarstvennogo-tantsevalynogo-orkestra', 'c3118'), ('41', '23', 'az', '2014-01-11 15:20:37', 'turk-senetcilerinin-konserti', 'dfe1f'), ('42', '23', 'ru', '2014-01-11 15:20:37', 'kontsert-turetskih-ispolniteley', 'b4400'), ('43', '24', 'az', '2014-01-11 18:47:19', 'plagiat-sergisi', '053af'), ('44', '24', 'ru', '2014-01-11 18:47:19', 'vistavka-plagiat', '35c99'), ('45', '25', 'az', '2014-01-11 19:25:45', 'irina-eldarovanin-sergisi', '2ea18'), ('46', '25', 'ru', '2014-01-11 19:25:45', 'vistavka-irini-lydarovoy', '83a09'), ('47', '26', 'az', '2014-01-11 19:40:09', 'fly-to-baku-sergisi', '7bb4e'), ('48', '26', 'ru', '2014-01-11 19:40:09', 'vistavka-fly-to-baku', 'f6585'), ('49', '27', 'az', '2014-01-13 23:49:13', 'celtic-legends-ansamblin-konserti', 'b9d5f'), ('50', '27', 'ru', '2014-01-13 23:49:13', 'kontsert-ansamblya-celtic-legends', '1f86b'), ('51', '28', 'az', '2014-01-23 16:56:57', 'di-di-bricuoterin-konserti', 'e86a2'), ('52', '28', 'ru', '2014-01-23 16:56:57', 'kontsert-di-di-bricuoter', 'b2e12'), ('53', '29', 'az', '2014-01-23 17:20:49', 'real-mekan-konseptual-mekan', '4f011'), ('54', '30', 'az', '2014-02-28 15:08:06', 'sen-otur-bu-ishi-bilen-var', '26fda'), ('55', '31', 'az', '2014-03-03 16:17:46', 'gormek-ucun-istemek-kifayyetdir', '297b4'), ('56', '31', 'ru', '2014-03-03 16:17:46', 'dlya-togo-chtobi-uvidety-dostatochno-zahotety', '3c1ad'), ('57', '30', 'ru', '2014-03-03 16:46:19', 'vi-syadyte-v-etom-dele-ponimayut', '5505a'), ('58', '32', 'az', '2014-04-22 01:53:59', 'incesenete-burunmush', '22675'), ('59', '32', 'ru', '2014-04-22 01:53:59', 'okutannaya-tvorchestvom', 'd9327'), ('61', '34', 'az', '2014-05-09 15:21:50', 'zinyet-veliyeva-men-cox-guclu-insanam', 'bdc5b'), ('62', '34', 'ru', '2014-05-09 15:21:50', 'zinyat-velieva-ya-ocheny-silyniy-chelovek', 'c1188'), ('63', '35', 'az', '2014-05-09 17:10:39', 'children-s-smile', '2c643'), ('64', '35', 'ru', '2014-05-09 17:10:39', 'children-s-smile', '2c643'), ('65', '36', 'az', '2014-05-10 02:32:08', 'tebietin-gozelliyini-nece-duymamaq-olar', 'bd6e2'), ('66', '36', 'ru', '2014-05-10 02:32:08', 'kak-mozhno-ne-chuvstvovaty-krasotu-prirodi', '3661f'), ('67', '9', 'ru', '2013-12-30 21:28:24', 'muzikalynie_kraski_magomeda', 'e68d9'), ('68', '10', 'az', '2014-01-05 14:23:21', 'bir-heyati-xilas-eden-butun-dunyani-xilas-edir', '15a2c'), ('69', '10', 'ru', '2014-01-05 14:33:56', 'tot-kto-spasaet-odnu-zhizny-spasaet-vesy-mir', '8ed83'), ('70', '11', 'az', '2014-01-05 15:37:24', 'cabirin-sehirli-fircasi', 'd858a'), ('71', '11', 'ru', '2014-01-05 15:46:57', 'volshebnaya-kisty-dzhabira', 'bbea7');
COMMIT;

-- ----------------------------
--  Table structure for `User`
-- ----------------------------
DROP TABLE IF EXISTS `User`;
CREATE TABLE `User` (
  `id` int(10) unsigned NOT NULL AUTO_INCREMENT,
  `email` varchar(255) NOT NULL,
  `fullname` varchar(255) NOT NULL,
  `username` varchar(32) NOT NULL DEFAULT '',
  `password` varchar(64) NOT NULL,
  `logins` int(10) unsigned NOT NULL DEFAULT '0',
  `last_login` timestamp NOT NULL DEFAULT CURRENT_TIMESTAMP,
  `active` tinyint(1) NOT NULL DEFAULT '1',
  `roleID` tinyint(2) unsigned DEFAULT NULL,
  PRIMARY KEY (`id`)
) ENGINE=InnoDB AUTO_INCREMENT=2 DEFAULT CHARSET=utf8 ROW_FORMAT=COMPACT;

-- ----------------------------
--  Records of `User`
-- ----------------------------
BEGIN;
INSERT INTO `User` VALUES ('1', 'a.farida@beliefandhope.com', 'Administrator', 'admin', '$1$BGSEc7ov$Cp3wP3y3qmnvv2bxWNlWQ0', '0', '2013-12-28 12:41:33', '1', '1');
COMMIT;

-- ----------------------------
--  Table structure for `Video`
-- ----------------------------
DROP TABLE IF EXISTS `Video`;
CREATE TABLE `Video` (
  `id` int(10) unsigned NOT NULL AUTO_INCREMENT COMMENT 'ID',
  `url` varchar(255) COLLATE utf8_unicode_ci NOT NULL COMMENT 'Link',
  `videoID` varchar(100) COLLATE utf8_unicode_ci DEFAULT NULL,
  `title_az` varchar(255) COLLATE utf8_unicode_ci NOT NULL COMMENT 'Videonun adı',
  `title_ru` varchar(255) COLLATE utf8_unicode_ci DEFAULT NULL COMMENT 'Название',
  `title_en` varchar(255) COLLATE utf8_unicode_ci DEFAULT NULL COMMENT 'Title',
  PRIMARY KEY (`id`)
) ENGINE=InnoDB AUTO_INCREMENT=7 DEFAULT CHARSET=utf8 COLLATE=utf8_unicode_ci ROW_FORMAT=COMPACT;

-- ----------------------------
--  Records of `Video`
-- ----------------------------
BEGIN;
INSERT INTO `Video` VALUES ('4', 'http://www.youtube.com/watch?v=ttViV2WAEfo', 'ttViV2WAEfo', 'Abışov Məhəmməd - Bəxtəvəri rəqsi', 'Абышов Магомед - танец Бехтевери', ''), ('5', 'http://www.youtube.com/watch?v=eVd4t9RRjy0', 'eVd4t9RRjy0', 'Abışov Məhəmməd - A.Məlikov \"Məhəbbət əfsanəsi\" baletindən \"Qızların rəqsi\" ', 'Абышов Магомед - А.Меликов \"Танец девушек\" из балета \"Легенда о любви\"', ''), ('6', 'http://www.youtube.com/watch?v=bQw0BcZu8M0', 'bQw0BcZu8M0', 'Abışov Məhəmmməd - Vasif Adıgözəlov \"Bayram suitası\" I hissə', 'Абышов Магомед - Васиф Адыгезалов \"Праздничная сюита\" 1 часть', '');
COMMIT;

-- ----------------------------
--  Table structure for `admin_Menu`
-- ----------------------------
DROP TABLE IF EXISTS `admin_Menu`;
CREATE TABLE `admin_Menu` (
  `id` int(11) NOT NULL AUTO_INCREMENT,
  `title` varchar(255) COLLATE utf8_unicode_ci DEFAULT NULL,
  `url` varchar(255) COLLATE utf8_unicode_ci DEFAULT NULL,
  `sort` int(10) unsigned NOT NULL,
  `parent` int(10) unsigned DEFAULT '0',
  `menuType` tinyint(2) unsigned DEFAULT NULL COMMENT '1 - top \r\n2 - bottom\r \n3 - left',
  `icon` varchar(255) COLLATE utf8_unicode_ci DEFAULT NULL,
  PRIMARY KEY (`id`)
) ENGINE=InnoDB AUTO_INCREMENT=11 DEFAULT CHARSET=utf8 COLLATE=utf8_unicode_ci ROW_FORMAT=COMPACT;

-- ----------------------------
--  Records of `admin_Menu`
-- ----------------------------
BEGIN;
INSERT INTO `admin_Menu` VALUES ('1', 'Kontent', 'content/admin', '1', '0', '1', 'icon-file-text'), ('2', 'Şəkillər', 'photoalbum/admin', '2', '0', '1', 'icon-picture'), ('3', 'Videolar', 'video/admin', '3', '0', '1', 'icon-film'), ('4', 'Müraciətlər', 'request/admin', '4', '0', '1', 'icon-envelope-alt'), ('6', 'Statik səhifələr', '', '5', '0', '1', 'icon-paste'), ('7', 'Haqqımda', 'content/update/1', '1', '6', '1', null), ('8', 'Təşəkkürlər', 'content/update/2', '2', '6', '1', null), ('9', 'Lüğət', 'dictionary/admin', '6', '0', '1', 'icon-book'), ('10', 'Slaydşou', 'slideshow/admin', '7', '0', '1', 'icon-play-circle');
COMMIT;

SET FOREIGN_KEY_CHECKS = 1;
